Date,Total,Buys,Holds,Sells,Rating,Target Px
5/3/2019,15,13,2,0,4.733,1336.17
5/2/2019,15,13,2,0,4.733,1336.17
5/1/2019,15,13,2,0,4.733,1336.17
4/30/2019,15,13,2,0,4.733,1336.17
4/29/2019,15,14,1,0,4.867,1367
4/28/2019,15,14,1,0,4.867,1368.82
4/27/2019,15,14,1,0,4.867,1368.82
4/26/2019,15,14,1,0,4.867,1368.82
4/25/2019,15,14,1,0,4.867,1368.82
4/24/2019,15,14,1,0,4.867,1368.82
4/23/2019,16,14,2,0,4.75,1368.82
4/22/2019,16,14,2,0,4.75,1368.82
4/21/2019,16,14,2,0,4.75,1368.82
4/20/2019,16,14,2,0,4.75,1368.82
4/19/2019,16,14,2,0,4.75,1368.82
4/18/2019,16,14,2,0,4.75,1368.82
4/17/2019,16,14,2,0,4.75,1368.82
4/16/2019,16,14,2,0,4.75,1368.82
4/15/2019,16,14,2,0,4.75,1368.82
4/14/2019,16,14,2,0,4.75,1368.82
4/13/2019,16,14,2,0,4.75,1368.82
4/12/2019,16,14,2,0,4.75,1368.82
4/11/2019,16,14,2,0,4.75,1368.82
4/10/2019,16,14,2,0,4.75,1366.09
4/9/2019,16,14,2,0,4.75,1353.36
4/8/2019,16,14,2,0,4.75,1353.36
4/7/2019,16,14,2,0,4.75,1353.36
4/6/2019,16,14,2,0,4.75,1353.36
4/5/2019,16,14,2,0,4.75,1353.36
4/4/2019,16,14,2,0,4.75,1353.36
4/3/2019,16,14,2,0,4.75,1353.36
4/2/2019,16,14,2,0,4.75,1353.36
4/1/2019,16,14,2,0,4.75,1353.36
3/31/2019,16,14,2,0,4.75,1353.36
3/30/2019,16,14,2,0,4.75,1353.36
3/29/2019,16,14,2,0,4.75,1353.36
3/28/2019,16,14,2,0,4.75,1353.36
3/27/2019,16,14,2,0,4.75,1353.36
3/26/2019,16,14,2,0,4.75,1353.36
3/25/2019,16,14,2,0,4.75,1353.36
3/24/2019,16,14,2,0,4.75,1353.36
3/23/2019,16,14,2,0,4.75,1353.36
3/22/2019,16,14,2,0,4.75,1353.36
3/21/2019,16,14,2,0,4.75,1353.36
3/20/2019,16,14,2,0,4.75,1346.09
3/19/2019,16,14,2,0,4.75,1346.09
3/18/2019,16,14,2,0,4.75,1346.09
3/17/2019,16,14,2,0,4.75,1346.09
3/16/2019,16,14,2,0,4.75,1346.09
3/15/2019,16,14,2,0,4.75,1346.09
3/14/2019,16,14,2,0,4.75,1346.09
3/13/2019,16,14,2,0,4.75,1346.09
3/12/2019,16,14,2,0,4.75,1346.09
3/11/2019,16,14,2,0,4.75,1346.09
3/10/2019,16,14,2,0,4.75,1346.09
3/9/2019,16,14,2,0,4.75,1346.09
3/8/2019,16,14,2,0,4.75,1346.09
3/7/2019,16,14,2,0,4.75,1346.42
3/6/2019,16,14,2,0,4.75,1346.42
3/5/2019,16,14,2,0,4.75,1346.42
3/4/2019,16,14,2,0,4.75,1346.42
3/3/2019,16,14,2,0,4.75,1346.42
3/2/2019,16,14,2,0,4.75,1346.42
3/1/2019,16,14,2,0,4.75,1346.42
2/28/2019,16,14,2,0,4.75,1346.42
2/27/2019,16,14,2,0,4.75,1346.42
2/26/2019,16,14,2,0,4.75,1346.42
2/25/2019,16,14,2,0,4.75,1346.42
2/24/2019,16,14,2,0,4.75,1348.92
2/23/2019,16,14,2,0,4.75,1348.92
2/22/2019,16,14,2,0,4.75,1348.92
2/21/2019,16,14,2,0,4.75,1348.92
2/20/2019,16,14,2,0,4.75,1348.92
2/19/2019,16,14,2,0,4.75,1348.92
2/18/2019,16,14,2,0,4.75,1348.92
2/17/2019,16,14,2,0,4.75,1348.92
2/16/2019,16,14,2,0,4.75,1348.92
2/15/2019,16,14,2,0,4.75,1348.92
2/14/2019,16,14,2,0,4.75,1348.92
2/13/2019,16,14,2,0,4.75,1348.92
2/12/2019,16,14,2,0,4.75,1348.92
2/11/2019,16,14,2,0,4.75,1348.92
2/10/2019,16,14,2,0,4.75,1354.55
2/9/2019,16,14,2,0,4.75,1354.55
2/8/2019,16,14,2,0,4.75,1354.55
2/7/2019,16,14,2,0,4.75,1354.55
2/6/2019,17,14,3,0,4.647,1354.55
2/5/2019,17,14,3,0,4.647,1354.55
2/4/2019,16,14,2,0,4.75,1351.88
2/3/2019,16,14,2,0,4.75,1359.29
2/2/2019,16,14,2,0,4.75,1359.29
2/1/2019,16,14,2,0,4.75,1359.29
1/31/2019,16,14,2,0,4.75,1359.29
1/30/2019,16,14,2,0,4.75,1359.29
1/29/2019,16,14,2,0,4.75,1364.38
1/28/2019,16,14,2,0,4.75,1364.38
1/27/2019,16,14,2,0,4.75,1364.38
1/26/2019,16,14,2,0,4.75,1351.5
1/25/2019,16,14,2,0,4.75,1346.82
1/24/2019,16,14,2,0,4.75,1346.82
1/23/2019,16,14,2,0,4.75,1346.82
1/22/2019,16,14,2,0,4.75,1346.82
1/21/2019,16,14,2,0,4.75,1346.82
1/20/2019,16,14,2,0,4.75,1346.82
1/19/2019,16,14,2,0,4.75,1346.82
1/18/2019,16,14,2,0,4.75,1346.82
1/17/2019,16,14,2,0,4.75,1346.82
1/16/2019,16,14,2,0,4.75,1346.82
1/15/2019,16,14,2,0,4.75,1346.82
1/14/2019,16,14,2,0,4.75,1346.82
1/13/2019,16,14,2,0,4.75,1346.82
1/12/2019,16,14,2,0,4.75,1346.82
1/11/2019,16,14,2,0,4.75,1346.82
1/10/2019,16,14,2,0,4.75,1346.82
1/9/2019,16,14,2,0,4.75,1346.82
1/8/2019,16,14,2,0,4.75,1324.58
1/7/2019,16,14,2,0,4.75,1324.58
1/6/2019,16,14,2,0,4.75,1324.58
1/5/2019,16,14,2,0,4.75,1324.58
1/4/2019,16,14,2,0,4.75,1324.58
1/3/2019,16,14,2,0,4.75,1324.58
1/2/2019,16,14,2,0,4.75,1324.58
1/1/2019,16,14,2,0,4.75,1324.58
12/31/2018,16,14,2,0,4.75,1324.58
12/30/2018,16,14,2,0,4.75,1324.58
12/29/2018,16,14,2,0,4.75,1324.58
12/28/2018,16,14,2,0,4.75,1324.58
12/27/2018,16,14,2,0,4.75,1324.58
12/26/2018,16,14,2,0,4.75,1324.58
12/25/2018,16,14,2,0,4.75,1324.58
12/24/2018,16,14,2,0,4.75,1324.58
12/23/2018,16,14,2,0,4.75,1324.58
12/22/2018,16,14,2,0,4.75,1324.58
12/21/2018,16,14,2,0,4.75,1324.58
12/20/2018,16,14,2,0,4.75,1324.58
12/19/2018,16,14,2,0,4.75,1324.58
12/18/2018,16,14,2,0,4.75,1324.58
12/17/2018,16,14,2,0,4.75,1324.58
12/16/2018,16,14,2,0,4.75,1324.58
12/15/2018,16,14,2,0,4.75,1324.58
12/14/2018,16,14,2,0,4.75,1324.58
12/13/2018,15,13,2,0,4.733,1326.82
12/12/2018,15,13,2,0,4.733,1326.82
12/11/2018,15,13,2,0,4.733,1326.82
12/10/2018,15,13,2,0,4.733,1326.82
12/9/2018,15,13,2,0,4.733,1326.82
12/8/2018,15,13,2,0,4.733,1326.82
12/7/2018,15,13,2,0,4.733,1326.82
12/6/2018,15,13,2,0,4.733,1326.82
12/5/2018,14,12,2,0,4.714,1326.5
12/4/2018,14,12,2,0,4.714,1326.5
12/3/2018,14,12,2,0,4.714,1326.5
12/2/2018,14,12,2,0,4.714,1326.5
12/1/2018,14,12,2,0,4.714,1326.5
11/30/2018,14,12,2,0,4.714,1326.5
11/29/2018,14,12,2,0,4.714,1326.5
11/28/2018,14,12,2,0,4.714,1326.5
11/27/2018,14,12,2,0,4.714,1326.5
11/26/2018,14,12,2,0,4.714,1326.5
11/25/2018,14,12,2,0,4.714,1326.5
11/24/2018,14,12,2,0,4.714,1326.5
11/23/2018,14,12,2,0,4.714,1326.5
11/22/2018,14,12,2,0,4.714,1326.5
11/21/2018,14,12,2,0,4.714,1326.5
11/20/2018,14,12,2,0,4.714,1326.5
11/19/2018,14,12,2,0,4.714,1326.5
11/18/2018,14,12,2,0,4.714,1326.5
11/17/2018,14,12,2,0,4.714,1326.5
11/16/2018,14,12,2,0,4.714,1326.5
11/15/2018,14,12,2,0,4.714,1326.5
11/14/2018,14,12,2,0,4.714,1326.5
11/13/2018,14,12,2,0,4.714,1326.5
11/12/2018,14,12,2,0,4.714,1326.5
11/11/2018,14,12,2,0,4.714,1326.5
11/10/2018,14,12,2,0,4.714,1326.5
11/9/2018,14,12,2,0,4.714,1326.5
11/8/2018,14,12,2,0,4.714,1326.5
11/7/2018,14,12,2,0,4.714,1326.5
11/6/2018,14,12,2,0,4.714,1326.5
11/5/2018,14,12,2,0,4.714,1326.5
11/4/2018,14,12,2,0,4.714,1326.5
11/3/2018,14,12,2,0,4.714,1326.5
11/2/2018,14,12,2,0,4.714,1326.5
11/1/2018,14,12,2,0,4.714,1326.5
10/31/2018,14,12,2,0,4.714,1326.5
10/30/2018,14,12,2,0,4.714,1326.5
10/29/2018,14,12,2,0,4.714,1326.5
10/28/2018,13,11,2,0,4.692,1318.33
10/27/2018,13,11,2,0,4.692,1320
10/26/2018,13,11,2,0,4.692,1320
10/25/2018,13,11,2,0,4.692,1321.67
10/24/2018,13,11,2,0,4.692,1358.33
10/23/2018,13,10,3,0,4.538,1358.33
10/22/2018,13,10,3,0,4.538,1358.33
10/21/2018,13,10,3,0,4.538,1358.33
10/20/2018,13,10,3,0,4.538,1358.33
10/19/2018,13,10,3,0,4.538,1358.33
10/18/2018,13,10,3,0,4.538,1358.33
10/17/2018,13,10,3,0,4.538,1358.33
10/16/2018,13,10,3,0,4.538,1358.33
10/15/2018,13,10,3,0,4.538,1358.33
10/14/2018,13,10,3,0,4.538,1358.33
10/13/2018,13,10,3,0,4.538,1358.33
10/12/2018,13,10,3,0,4.538,1358.33
10/11/2018,13,10,3,0,4.538,1358.33
10/10/2018,13,10,3,0,4.538,1358.33
10/9/2018,13,10,3,0,4.538,1358.33
10/8/2018,13,10,3,0,4.538,1358.33
10/7/2018,13,10,3,0,4.538,1393.13
10/6/2018,13,10,3,0,4.538,1393.13
10/5/2018,13,10,3,0,4.538,1393.13
10/4/2018,13,10,3,0,4.538,1393.13
10/3/2018,13,10,3,0,4.538,1393.13
10/2/2018,13,10,3,0,4.538,1393.13
10/1/2018,13,10,3,0,4.538,1393.13
9/30/2018,13,10,3,0,4.538,1393.13
9/29/2018,13,10,3,0,4.538,1393.13
9/28/2018,13,10,3,0,4.538,1393.13
9/27/2018,13,10,3,0,4.538,1393.13
9/26/2018,13,10,3,0,4.538,1393.13
9/25/2018,13,10,3,0,4.538,1393.13
9/24/2018,13,10,3,0,4.538,1393.13
9/23/2018,13,10,3,0,4.538,1393.13
9/22/2018,13,10,3,0,4.538,1393.13
9/21/2018,13,10,3,0,4.538,1393.13
9/20/2018,13,10,3,0,4.538,1393.13
9/19/2018,13,10,3,0,4.538,1393.13
9/18/2018,13,10,3,0,4.538,1393.13
9/17/2018,13,10,3,0,4.538,1393.13
9/16/2018,13,10,3,0,4.538,1393.13
9/15/2018,13,10,3,0,4.538,1393.13
9/14/2018,13,10,3,0,4.538,1393.13
9/13/2018,13,10,3,0,4.538,1393.13
9/12/2018,13,10,3,0,4.538,1393.13
9/11/2018,13,10,3,0,4.538,1393.13
9/10/2018,13,10,3,0,4.538,1393.13
9/9/2018,13,10,3,0,4.538,1393.13
9/8/2018,13,10,3,0,4.538,1393.13
9/7/2018,13,10,3,0,4.538,1393.13
9/6/2018,13,10,3,0,4.538,1393.13
9/5/2018,13,10,3,0,4.538,1393.13
9/4/2018,13,10,3,0,4.538,1393.13
9/3/2018,13,10,3,0,4.538,1393.13
9/2/2018,13,10,3,0,4.538,1393.13
9/1/2018,13,10,3,0,4.538,1393.13
8/31/2018,13,10,3,0,4.538,1393.13
8/30/2018,13,10,3,0,4.538,1393.13
8/29/2018,13,10,3,0,4.538,1393.13
8/28/2018,13,10,3,0,4.538,1393.13
8/27/2018,13,10,3,0,4.538,1393.13
8/26/2018,13,10,3,0,4.538,1393.13
8/25/2018,13,10,3,0,4.538,1393.13
8/24/2018,13,10,3,0,4.538,1393.13
8/23/2018,13,10,3,0,4.538,1393.13
8/22/2018,13,10,3,0,4.538,1393.13
8/21/2018,13,10,3,0,4.538,1393.13
8/20/2018,13,10,3,0,4.538,1393.13
8/19/2018,13,10,3,0,4.538,1393.13
8/18/2018,13,10,3,0,4.538,1393.13
8/17/2018,13,10,3,0,4.538,1393.13
8/16/2018,13,10,3,0,4.538,1385
8/15/2018,13,10,3,0,4.538,1370.71
8/14/2018,13,10,3,0,4.538,1370.71
8/13/2018,13,10,3,0,4.538,1370.71
8/12/2018,13,10,3,0,4.538,1370.71
8/11/2018,13,10,3,0,4.538,1370.71
8/10/2018,13,10,3,0,4.538,1370.71
8/9/2018,13,10,3,0,4.538,1369.38
8/8/2018,13,10,3,0,4.538,1369.38
8/7/2018,13,10,3,0,4.538,1369.38
8/6/2018,13,10,3,0,4.538,1369.38
8/5/2018,13,10,3,0,4.538,1369.38
8/4/2018,13,10,3,0,4.538,1369.38
8/3/2018,13,10,3,0,4.538,1369.38
8/2/2018,13,10,3,0,4.538,1359.38
8/1/2018,13,10,3,0,4.538,1359.38
7/31/2018,13,10,3,0,4.538,1359.38
7/30/2018,13,10,3,0,4.538,1359.38
7/29/2018,13,10,3,0,4.538,1359.38
7/28/2018,13,10,3,0,4.538,1359.38
7/27/2018,13,10,3,0,4.538,1359.38
7/26/2018,13,10,3,0,4.538,1359.38
7/25/2018,14,11,3,0,4.571,1359.38
7/24/2018,14,11,3,0,4.571,1359.38
7/23/2018,14,11,3,0,4.571,1265
7/22/2018,14,11,3,0,4.571,1265
7/21/2018,14,11,3,0,4.571,1265
7/20/2018,14,11,3,0,4.571,1265
7/19/2018,13,10,3,0,4.538,1252.86
7/18/2018,13,10,3,0,4.538,1252.86
7/17/2018,13,10,3,0,4.538,1252.86
7/16/2018,13,10,3,0,4.538,1266.25
7/15/2018,13,10,3,0,4.538,1253.13
7/14/2018,13,10,3,0,4.538,1253.13
7/13/2018,13,10,3,0,4.538,1253.13
7/12/2018,14,11,3,0,4.571,1263.89
7/11/2018,14,11,3,0,4.571,1263.89
7/10/2018,14,11,3,0,4.571,1263.89
7/9/2018,14,11,3,0,4.571,1263.89
7/8/2018,14,11,3,0,4.571,1263.89
7/7/2018,14,11,3,0,4.571,1263.89
7/6/2018,14,11,3,0,4.571,1263.89
7/5/2018,14,11,3,0,4.571,1263.89
7/4/2018,14,11,3,0,4.571,1263.89
7/3/2018,14,11,3,0,4.571,1263.89
7/2/2018,14,11,3,0,4.571,1263.89
7/1/2018,14,11,3,0,4.571,1263.89
6/30/2018,14,11,3,0,4.571,1263.89
6/29/2018,14,11,3,0,4.571,1263.89
6/28/2018,14,11,3,0,4.571,1263.89
6/27/2018,14,11,3,0,4.571,1263.89
6/26/2018,14,11,3,0,4.571,1263.89
6/25/2018,14,11,3,0,4.571,1263.89
6/24/2018,14,11,3,0,4.571,1263.89
6/23/2018,14,11,3,0,4.571,1263.89
6/22/2018,14,11,3,0,4.571,1263.89
6/21/2018,14,11,3,0,4.571,1263.89
6/20/2018,14,11,3,0,4.571,1263.89
6/19/2018,14,11,3,0,4.571,1263.89
6/18/2018,14,11,3,0,4.571,1263.89
6/17/2018,14,11,3,0,4.571,1263.89
6/16/2018,14,11,3,0,4.571,1263.89
6/15/2018,14,11,3,0,4.571,1263.89
6/14/2018,14,11,3,0,4.571,1263.89
6/13/2018,14,11,3,0,4.571,1263.89
6/12/2018,14,11,3,0,4.571,1263.89
6/11/2018,14,11,3,0,4.571,1263.89
6/10/2018,14,11,3,0,4.571,1263.89
6/9/2018,14,11,3,0,4.571,1263.89
6/8/2018,14,11,3,0,4.571,1248.5
6/7/2018,14,11,3,0,4.571,1248.5
6/6/2018,14,11,3,0,4.571,1248.5
6/5/2018,14,11,3,0,4.571,1248.5
6/4/2018,14,11,3,0,4.571,1248.5
6/3/2018,14,11,3,0,4.571,1248.5
6/2/2018,14,11,3,0,4.571,1248.5
6/1/2018,14,11,3,0,4.571,1248.5
5/31/2018,14,11,3,0,4.571,1248.5
5/30/2018,14,11,3,0,4.571,1248.5
5/29/2018,14,11,3,0,4.571,1248.5
5/28/2018,14,11,3,0,4.571,1248.5
5/27/2018,14,11,3,0,4.571,1248.5
5/26/2018,14,11,3,0,4.571,1248.5
5/25/2018,14,11,3,0,4.571,1248.5
5/24/2018,14,11,3,0,4.571,1248.5
5/23/2018,14,11,3,0,4.571,1248.5
5/22/2018,14,11,3,0,4.571,1248.5
5/21/2018,14,11,3,0,4.571,1248.5
5/20/2018,14,11,3,0,4.571,1248.5
5/19/2018,14,11,3,0,4.571,1248.5
5/18/2018,14,11,3,0,4.571,1248.5
5/17/2018,14,11,3,0,4.571,1248.5
5/16/2018,14,11,3,0,4.571,1248.5
5/15/2018,14,11,3,0,4.571,1248.5
5/14/2018,14,11,3,0,4.571,1248.5
5/13/2018,14,11,3,0,4.571,1248.5
5/12/2018,14,11,3,0,4.571,1248.5
5/11/2018,14,11,3,0,4.571,1248.5
5/10/2018,14,11,3,0,4.571,1248.5
5/9/2018,14,11,3,0,4.571,1248.5
5/8/2018,14,11,3,0,4.571,1248.5
5/7/2018,14,11,3,0,4.571,1248.5
5/6/2018,14,11,3,0,4.571,1248.5
5/5/2018,14,11,3,0,4.571,1248.5
5/4/2018,14,11,3,0,4.571,1248.5
5/3/2018,14,11,3,0,4.571,1248.5
5/2/2018,14,11,3,0,4.571,1248.5
5/1/2018,14,11,3,0,4.571,1248.5
4/30/2018,14,11,3,0,4.571,1248.5
4/29/2018,14,11,3,0,4.571,1248.5
4/28/2018,14,11,3,0,4.571,1248.5
4/27/2018,14,11,3,0,4.571,1248.5
4/26/2018,14,11,3,0,4.571,1248.5
4/25/2018,14,11,3,0,4.571,1248.5
4/24/2018,14,11,3,0,4.571,1248.5
4/23/2018,14,11,3,0,4.571,1269
4/22/2018,13,11,2,0,4.692,1293.33
4/21/2018,13,11,2,0,4.692,1293.33
4/20/2018,13,11,2,0,4.692,1293.33
4/19/2018,13,11,2,0,4.692,1293.33
4/18/2018,13,11,2,0,4.692,1293.33
4/17/2018,13,11,2,0,4.692,1293.33
4/16/2018,13,11,2,0,4.692,1293.33
4/15/2018,13,11,2,0,4.692,1291.67
4/14/2018,13,11,2,0,4.692,1291.67
4/13/2018,13,11,2,0,4.692,1291.67
4/12/2018,13,11,2,0,4.692,1291.67
4/11/2018,13,11,2,0,4.692,1291.67
4/10/2018,13,11,2,0,4.692,1291.67
4/9/2018,13,11,2,0,4.692,1291.67
4/8/2018,13,11,2,0,4.692,1291.67
4/7/2018,13,11,2,0,4.692,1291.67
4/6/2018,13,11,2,0,4.692,1291.67
4/5/2018,13,11,2,0,4.692,1291.67
4/4/2018,13,11,2,0,4.692,1291.67
4/3/2018,13,11,2,0,4.692,1291.67
4/2/2018,13,11,2,0,4.692,1291.67
4/1/2018,13,11,2,0,4.692,1291.67
3/31/2018,13,11,2,0,4.692,1291.67
3/30/2018,13,11,2,0,4.692,1291.67
3/29/2018,13,11,2,0,4.692,1291.67
3/28/2018,13,11,2,0,4.692,1291.67
3/27/2018,13,11,2,0,4.692,1291.67
3/26/2018,13,11,2,0,4.692,1291.67
3/25/2018,13,11,2,0,4.692,1291.67
3/24/2018,13,11,2,0,4.692,1291.67
3/23/2018,13,11,2,0,4.692,1291.67
3/22/2018,13,11,2,0,4.692,1291.67
3/21/2018,13,11,2,0,4.692,1291.67
3/20/2018,13,11,2,0,4.692,1290.56
3/19/2018,13,11,2,0,4.692,1290.56
3/18/2018,13,11,2,0,4.692,1290.56
3/17/2018,13,11,2,0,4.692,1290.56
3/16/2018,13,11,2,0,4.692,1290.56
3/15/2018,13,11,2,0,4.692,1290.56
3/14/2018,13,11,2,0,4.692,1290.56
3/13/2018,13,11,2,0,4.692,1290.56
3/12/2018,13,11,2,0,4.692,1290.56
3/11/2018,13,11,2,0,4.692,1290.56
3/10/2018,13,11,2,0,4.692,1290.56
3/9/2018,13,11,2,0,4.692,1290.56
3/8/2018,13,11,2,0,4.692,1290.56
3/7/2018,13,11,2,0,4.692,1290.56
3/6/2018,13,11,2,0,4.692,1290.56
3/5/2018,12,11,1,0,4.833,1313.13
3/4/2018,12,11,1,0,4.833,1313.13
3/3/2018,12,11,1,0,4.833,1313.13
3/2/2018,12,11,1,0,4.833,1313.13
3/1/2018,12,11,1,0,4.833,1313.13
2/28/2018,12,11,1,0,4.833,1313.13
2/27/2018,12,11,1,0,4.833,1313.13
2/26/2018,12,11,1,0,4.833,1313.13
2/25/2018,12,11,1,0,4.833,1313.13
2/24/2018,12,11,1,0,4.833,1313.13
2/23/2018,12,11,1,0,4.833,1313.13
2/22/2018,12,11,1,0,4.833,1313.13
2/21/2018,12,11,1,0,4.833,1313.13
2/20/2018,12,11,1,0,4.833,1313.13
2/19/2018,12,11,1,0,4.833,1313.13
2/18/2018,12,11,1,0,4.833,1313.13
2/17/2018,12,11,1,0,4.833,1313.13
2/16/2018,12,11,1,0,4.833,1313.13
2/15/2018,12,11,1,0,4.833,1313.13
2/14/2018,12,11,1,0,4.833,1313.13
2/13/2018,12,11,1,0,4.833,1313.13
2/12/2018,12,11,1,0,4.833,1313.13
2/11/2018,12,11,1,0,4.833,1313.13
2/10/2018,12,11,1,0,4.833,1313.13
2/9/2018,12,11,1,0,4.833,1313.13
2/8/2018,12,11,1,0,4.833,1313.13
2/7/2018,12,11,1,0,4.833,1313.13
2/6/2018,12,11,1,0,4.833,1313.13
2/5/2018,12,11,1,0,4.833,1313.13
2/4/2018,12,11,1,0,4.833,1313.13
2/3/2018,12,11,1,0,4.833,1313.13
2/2/2018,12,11,1,0,4.833,1313.13
2/1/2018,12,11,1,0,4.833,1299.38
1/31/2018,12,11,1,0,4.833,1263.57
1/30/2018,12,11,1,0,4.833,1263.57
1/29/2018,12,11,1,0,4.833,1249.17
1/28/2018,12,11,1,0,4.833,1249.17
1/27/2018,12,11,1,0,4.833,1235
1/26/2018,12,11,1,0,4.833,1235
1/25/2018,12,11,1,0,4.833,1235
1/24/2018,12,11,1,0,4.833,1235
1/23/2018,12,11,1,0,4.833,1235
1/22/2018,12,11,1,0,4.833,1235
1/21/2018,12,11,1,0,4.833,1235
1/20/2018,12,11,1,0,4.833,1235
1/19/2018,12,11,1,0,4.833,1235
1/18/2018,12,11,1,0,4.833,1235
1/17/2018,12,11,1,0,4.833,1257.5
1/16/2018,12,11,1,0,4.833,1257.5
1/15/2018,12,11,1,0,4.833,1257.5
1/14/2018,12,11,1,0,4.833,1257.5
1/13/2018,12,11,1,0,4.833,1257.5
1/12/2018,12,11,1,0,4.833,1257.5
1/11/2018,12,11,1,0,4.833,1257.5
1/10/2018,12,11,1,0,4.833,1207.5
1/9/2018,12,11,1,0,4.833,1207.5
1/8/2018,12,11,1,0,4.833,1207.5
1/7/2018,12,11,1,0,4.833,1207.5
1/6/2018,12,11,1,0,4.833,1186.67
1/5/2018,12,11,1,0,4.833,1186.67
1/4/2018,12,11,1,0,4.833,1186.67
1/3/2018,12,11,1,0,4.833,1173.33
1/2/2018,12,11,1,0,4.833,1173.33
1/1/2018,12,11,1,0,4.833,1173.33
12/31/2017,12,11,1,0,4.833,1173.33
12/30/2017,12,11,1,0,4.833,1173.33
12/29/2017,12,11,1,0,4.833,1173.33
12/28/2017,12,11,1,0,4.833,1173.33
12/27/2017,12,11,1,0,4.833,1173.33
12/26/2017,12,11,1,0,4.833,1173.33
12/25/2017,12,11,1,0,4.833,1173.33
12/24/2017,12,11,1,0,4.833,1173.33
12/23/2017,12,11,1,0,4.833,1173.33
12/22/2017,12,11,1,0,4.833,1173.33
12/21/2017,12,11,1,0,4.833,1173.33
12/20/2017,12,11,1,0,4.833,1173.33
12/19/2017,12,11,1,0,4.833,1173.33
12/18/2017,12,11,1,0,4.833,1173.33
12/17/2017,12,11,1,0,4.833,1173.33
12/16/2017,12,11,1,0,4.833,1173.33
12/15/2017,12,11,1,0,4.833,1173.33
12/14/2017,12,11,1,0,4.833,1173.33
12/13/2017,12,11,1,0,4.833,1173.33
12/12/2017,12,11,1,0,4.833,1163
12/11/2017,12,11,1,0,4.833,1163
12/10/2017,12,11,1,0,4.833,1163
12/9/2017,12,11,1,0,4.833,1163
12/8/2017,12,11,1,0,4.833,1163
12/7/2017,12,11,1,0,4.833,1163
12/6/2017,12,11,1,0,4.833,1163
12/5/2017,12,11,1,0,4.833,1163
12/4/2017,12,11,1,0,4.833,1163
12/3/2017,12,11,1,0,4.833,1163
12/2/2017,12,11,1,0,4.833,1163
12/1/2017,12,11,1,0,4.833,1163
11/30/2017,12,11,1,0,4.833,1163
11/29/2017,12,11,1,0,4.833,1163
11/28/2017,12,11,1,0,4.833,1163
11/27/2017,12,11,1,0,4.833,1163
11/26/2017,12,11,1,0,4.833,1163
11/25/2017,12,11,1,0,4.833,1163
11/24/2017,12,11,1,0,4.833,1163
11/23/2017,12,11,1,0,4.833,1163
11/22/2017,12,11,1,0,4.833,1163
11/21/2017,12,11,1,0,4.833,1163
11/20/2017,12,11,1,0,4.833,1163
11/19/2017,12,11,1,0,4.833,1163
11/18/2017,12,11,1,0,4.833,1163
11/17/2017,12,11,1,0,4.833,1163
11/16/2017,12,11,1,0,4.833,1163
11/15/2017,12,11,1,0,4.833,1163
11/14/2017,12,11,1,0,4.833,1163
11/13/2017,12,11,1,0,4.833,1163
11/12/2017,12,11,1,0,4.833,1163
11/11/2017,12,11,1,0,4.833,1163
11/10/2017,12,11,1,0,4.833,1163
11/9/2017,12,11,1,0,4.833,1163
11/8/2017,12,11,1,0,4.833,1163
11/7/2017,12,11,1,0,4.833,1163
11/6/2017,12,11,1,0,4.833,1163
11/5/2017,12,11,1,0,4.833,1163
11/4/2017,12,11,1,0,4.833,1163
11/3/2017,12,11,1,0,4.833,1163
11/2/2017,12,11,1,0,4.833,1163
11/1/2017,12,11,1,0,4.833,1163
10/31/2017,12,11,1,0,4.833,1163
10/30/2017,12,11,1,0,4.833,1163
10/29/2017,12,11,1,0,4.833,1163
10/28/2017,12,11,1,0,4.833,1163
10/27/2017,12,11,1,0,4.833,1163
10/26/2017,12,11,1,0,4.833,1087.5
10/25/2017,12,11,1,0,4.833,1086.43
10/24/2017,12,11,1,0,4.833,1086.43
10/23/2017,12,11,1,0,4.833,1086.43
10/22/2017,12,11,1,0,4.833,1086.43
10/21/2017,12,11,1,0,4.833,1086.43
10/20/2017,12,11,1,0,4.833,1086.43
10/19/2017,12,11,1,0,4.833,1086.43
10/18/2017,12,11,1,0,4.833,1086.43
10/17/2017,12,11,1,0,4.833,1086.43
10/16/2017,12,11,1,0,4.833,1086.43
10/15/2017,12,11,1,0,4.833,1086.43
10/14/2017,12,11,1,0,4.833,1086.43
10/13/2017,12,11,1,0,4.833,1086.43
10/12/2017,12,11,1,0,4.833,1086.43
10/11/2017,12,11,1,0,4.833,1086.43
10/10/2017,12,11,1,0,4.833,1086.43
10/9/2017,12,11,1,0,4.833,1086.43
10/8/2017,12,11,1,0,4.833,1086.43
10/7/2017,12,11,1,0,4.833,1086.43
10/6/2017,12,11,1,0,4.833,1086.43
10/5/2017,12,11,1,0,4.833,1086.43
10/4/2017,12,11,1,0,4.833,1086.43
10/3/2017,12,11,1,0,4.833,1086.43
10/2/2017,12,11,1,0,4.833,1086.43
10/1/2017,12,11,1,0,4.833,1086.43
9/30/2017,12,11,1,0,4.833,1086.43
9/29/2017,12,11,1,0,4.833,1086.43
9/28/2017,12,11,1,0,4.833,1086.43
9/27/2017,12,11,1,0,4.833,1079.38
9/26/2017,12,11,1,0,4.833,1079.38
9/25/2017,12,11,1,0,4.833,1079.38
9/24/2017,12,11,1,0,4.833,1079.38
9/23/2017,12,11,1,0,4.833,1079.38
9/22/2017,12,11,1,0,4.833,1079.38
9/21/2017,12,11,1,0,4.833,1079.38
9/20/2017,12,11,1,0,4.833,1079.38
9/19/2017,12,11,1,0,4.833,1079.38
9/18/2017,12,11,1,0,4.833,1079.38
9/17/2017,12,11,1,0,4.833,1079.38
9/16/2017,12,11,1,0,4.833,1079.38
9/15/2017,12,11,1,0,4.833,1079.38
9/14/2017,12,11,1,0,4.833,1079.38
9/13/2017,12,11,1,0,4.833,1079.38
9/12/2017,12,11,1,0,4.833,1079.38
9/11/2017,12,11,1,0,4.833,1079.38
9/10/2017,12,11,1,0,4.833,1079.38
9/9/2017,12,11,1,0,4.833,1079.38
9/8/2017,12,11,1,0,4.833,1079.38
9/7/2017,12,11,1,0,4.833,1079.38
9/6/2017,12,11,1,0,4.833,1079.38
9/5/2017,12,11,1,0,4.833,1079.38
9/4/2017,12,11,1,0,4.833,1079.38
9/3/2017,12,11,1,0,4.833,1079.38
9/2/2017,12,11,1,0,4.833,1079.38
9/1/2017,12,11,1,0,4.833,1079.38
8/31/2017,12,11,1,0,4.833,1079.38
8/30/2017,12,11,1,0,4.833,1079.38
8/29/2017,12,11,1,0,4.833,1079.38
8/28/2017,12,11,1,0,4.833,1079.38
8/27/2017,12,11,1,0,4.833,1079.38
8/26/2017,12,11,1,0,4.833,1079.38
8/25/2017,12,11,1,0,4.833,1079.38
8/24/2017,12,11,1,0,4.833,1079.38
8/23/2017,12,11,1,0,4.833,1079.38
8/22/2017,12,11,1,0,4.833,1079.38
8/21/2017,12,11,1,0,4.833,1079.38
8/20/2017,12,11,1,0,4.833,1079.38
8/19/2017,12,11,1,0,4.833,1079.38
8/18/2017,12,11,1,0,4.833,1079.38
8/17/2017,12,11,1,0,4.833,1079.38
8/16/2017,12,11,1,0,4.833,1079.38
8/15/2017,12,11,1,0,4.833,1079.38
8/14/2017,12,11,1,0,4.833,1079.38
8/13/2017,12,11,1,0,4.833,1079.38
8/12/2017,12,11,1,0,4.833,1079.38
8/11/2017,12,11,1,0,4.833,1079.38
8/10/2017,12,11,1,0,4.833,1079.38
8/9/2017,12,11,1,0,4.833,1079.38
8/8/2017,12,11,1,0,4.833,1079.38
8/7/2017,12,11,1,0,4.833,1079.38
8/6/2017,12,11,1,0,4.833,1079.38
8/5/2017,12,11,1,0,4.833,1079.38
8/4/2017,12,11,1,0,4.833,1079.38
8/3/2017,12,11,1,0,4.833,1079.38
8/2/2017,12,11,1,0,4.833,1079.38
8/1/2017,12,11,1,0,4.833,1079.38
7/31/2017,12,11,1,0,4.833,1079.38
7/30/2017,12,11,1,0,4.833,1079.38
7/29/2017,12,11,1,0,4.833,1079.38
7/28/2017,12,11,1,0,4.833,1079.38
7/27/2017,12,11,1,0,4.833,1079.38
7/26/2017,12,11,1,0,4.833,1079.38
7/25/2017,12,11,1,0,4.833,1079.38
7/24/2017,11,10,1,0,4.818,1055.71
7/23/2017,11,10,1,0,4.818,1054.29
7/22/2017,11,10,1,0,4.818,1054.29
7/21/2017,11,10,1,0,4.818,1054.29
7/20/2017,11,10,1,0,4.818,1054.29
7/19/2017,11,10,1,0,4.818,1054.29
7/18/2017,11,10,1,0,4.818,1054.29
7/17/2017,11,10,1,0,4.818,1054.29
7/16/2017,11,10,1,0,4.818,1054.29
7/15/2017,11,10,1,0,4.818,1054.29
7/14/2017,11,10,1,0,4.818,1054.29
7/13/2017,11,10,1,0,4.818,1054.29
7/12/2017,11,10,1,0,4.818,1054.29
7/11/2017,11,10,1,0,4.818,1054.29
7/10/2017,11,10,1,0,4.818,1054.29
7/9/2017,11,10,1,0,4.818,1054.29
7/8/2017,11,10,1,0,4.818,1054.29
7/7/2017,11,10,1,0,4.818,1054.29
7/6/2017,11,10,1,0,4.818,1054.29
7/5/2017,11,10,1,0,4.818,1054.29
7/4/2017,11,10,1,0,4.818,1054.29
7/3/2017,11,10,1,0,4.818,1054.29
7/2/2017,11,10,1,0,4.818,1054.29
7/1/2017,11,10,1,0,4.818,1054.29
6/30/2017,11,10,1,0,4.818,1054.29
6/29/2017,11,10,1,0,4.818,1054.29
6/28/2017,11,10,1,0,4.818,1054.29
6/27/2017,11,10,1,0,4.818,1054.29
6/26/2017,11,10,1,0,4.818,1054.29
6/25/2017,11,10,1,0,4.818,1054.29
6/24/2017,11,10,1,0,4.818,1054.29
6/23/2017,11,10,1,0,4.818,1054.29
6/22/2017,11,10,1,0,4.818,1054.29
6/21/2017,11,10,1,0,4.818,1054.29
6/20/2017,11,10,1,0,4.818,1054.29
6/19/2017,11,10,1,0,4.818,1054.29
6/18/2017,11,10,1,0,4.818,1054.29
6/17/2017,11,10,1,0,4.818,1054.29
6/16/2017,11,10,1,0,4.818,1054.29
6/15/2017,11,10,1,0,4.818,1054.29
6/14/2017,11,10,1,0,4.818,1054.29
6/13/2017,11,10,1,0,4.818,1054.29
6/12/2017,11,10,1,0,4.818,1054.29
6/11/2017,11,10,1,0,4.818,1054.29
6/10/2017,11,10,1,0,4.818,1054.29
6/9/2017,11,10,1,0,4.818,1054.29
6/8/2017,11,10,1,0,4.818,1054.29
6/7/2017,11,10,1,0,4.818,1054.29
6/6/2017,11,10,1,0,4.818,1054.29
6/5/2017,11,10,1,0,4.818,1054.29
6/4/2017,11,10,1,0,4.818,1054.29
6/3/2017,11,10,1,0,4.818,1054.29
6/2/2017,11,10,1,0,4.818,1054.29
6/1/2017,11,10,1,0,4.818,1054.29
5/31/2017,11,10,1,0,4.818,1054.29
5/30/2017,11,10,1,0,4.818,1054.29
5/29/2017,11,10,1,0,4.818,1054.29
5/28/2017,11,10,1,0,4.818,1054.29
5/27/2017,11,10,1,0,4.818,1054.29
5/26/2017,11,10,1,0,4.818,1054.29
5/25/2017,11,10,1,0,4.818,1054.29
5/24/2017,11,10,1,0,4.818,1050.71
5/23/2017,12,10,2,0,4.667,1025.63
5/22/2017,12,10,2,0,4.667,1025.63
5/21/2017,12,10,2,0,4.667,1025.63
5/20/2017,12,10,2,0,4.667,1025.63
5/19/2017,12,10,2,0,4.667,1025.63
5/18/2017,12,10,2,0,4.667,1025.63
5/17/2017,12,10,2,0,4.667,1025.63
5/16/2017,12,10,2,0,4.667,1025.63
5/15/2017,12,10,2,0,4.667,1025.63
5/14/2017,12,10,2,0,4.667,1025.63
5/13/2017,12,10,2,0,4.667,1025.63
5/12/2017,12,10,2,0,4.667,1025.63
5/11/2017,12,10,2,0,4.667,1025.63
5/10/2017,12,10,2,0,4.667,1025.63
5/9/2017,12,10,2,0,4.667,1025.63
5/8/2017,12,10,2,0,4.667,1025.63
5/7/2017,12,10,2,0,4.667,1025.63
5/6/2017,12,10,2,0,4.667,1025.63
5/5/2017,12,10,2,0,4.667,1025.63
5/4/2017,12,10,2,0,4.667,1025.63
5/3/2017,12,10,2,0,4.667,1025.63
5/2/2017,12,10,2,0,4.667,1025.63
5/1/2017,12,10,2,0,4.667,1025.63
4/30/2017,12,10,2,0,4.667,1025.63
4/29/2017,12,10,2,0,4.667,1025.63
4/28/2017,12,10,2,0,4.667,1025.63
4/27/2017,12,10,2,0,4.667,976.02
4/26/2017,12,10,2,0,4.667,967.27
4/25/2017,12,10,2,0,4.667,967.27
4/24/2017,12,10,2,0,4.667,967.27
4/23/2017,12,10,2,0,4.667,961.88
4/22/2017,12,10,2,0,4.667,961.88
4/21/2017,12,10,2,0,4.667,961.88
4/20/2017,12,10,2,0,4.667,961.88
4/19/2017,12,10,2,0,4.667,961.88
4/18/2017,12,10,2,0,4.667,961.88
4/17/2017,12,10,2,0,4.667,961.88
4/16/2017,12,10,2,0,4.667,961.88
4/15/2017,12,10,2,0,4.667,961.88
4/14/2017,12,10,2,0,4.667,961.88
4/13/2017,12,10,2,0,4.667,961.88
4/12/2017,12,10,2,0,4.667,961.88
4/11/2017,12,10,2,0,4.667,961.88
4/10/2017,12,10,2,0,4.667,966.11
4/9/2017,12,10,2,0,4.667,966.11
4/8/2017,12,10,2,0,4.667,966.11
4/7/2017,12,10,2,0,4.667,966.11
4/6/2017,12,10,2,0,4.667,966.11
4/5/2017,12,10,2,0,4.667,966.11
4/4/2017,12,10,2,0,4.667,966.11
4/3/2017,12,10,2,0,4.667,966.11
4/2/2017,12,10,2,0,4.667,966.11
4/1/2017,12,10,2,0,4.667,966.11
3/31/2017,12,10,2,0,4.667,966.11
3/30/2017,12,10,2,0,4.667,966.11
3/29/2017,11,10,1,0,4.818,986.88
3/28/2017,11,10,1,0,4.818,986.88
3/27/2017,11,10,1,0,4.818,986.88
3/26/2017,11,10,1,0,4.818,990.71
3/25/2017,11,10,1,0,4.818,990.71
3/24/2017,11,10,1,0,4.818,990.71
3/23/2017,11,10,1,0,4.818,990.71
3/22/2017,11,10,1,0,4.818,990.71
3/21/2017,11,10,1,0,4.818,990.71
3/20/2017,11,10,1,0,4.818,990.71
3/19/2017,11,10,1,0,4.818,990.71
3/18/2017,11,10,1,0,4.818,990.71
3/17/2017,11,10,1,0,4.818,990.71
3/16/2017,11,10,1,0,4.818,990.71
3/15/2017,11,10,1,0,4.818,990.71
3/14/2017,11,10,1,0,4.818,990.71
3/13/2017,11,10,1,0,4.818,990.71
3/12/2017,11,10,1,0,4.818,995
3/11/2017,11,10,1,0,4.818,995
3/10/2017,11,10,1,0,4.818,995
3/9/2017,11,10,1,0,4.818,995
3/8/2017,11,10,1,0,4.818,991.11
3/7/2017,11,10,1,0,4.818,991.11
3/6/2017,11,10,1,0,4.818,991.11
3/5/2017,11,10,1,0,4.818,991.11
3/4/2017,11,10,1,0,4.818,991.11
3/3/2017,11,10,1,0,4.818,991.11
3/2/2017,11,10,1,0,4.818,991.11
3/1/2017,11,10,1,0,4.818,991.11
2/28/2017,11,10,1,0,4.818,991.11
2/27/2017,11,10,1,0,4.818,991.11
2/26/2017,11,10,1,0,4.818,991.11
2/25/2017,11,10,1,0,4.818,991.11
2/24/2017,11,10,1,0,4.818,991.11
2/23/2017,11,10,1,0,4.818,991.11
2/22/2017,11,10,1,0,4.818,991.11
2/21/2017,11,10,1,0,4.818,991.11
2/20/2017,11,10,1,0,4.818,991.11
2/19/2017,11,10,1,0,4.818,991.11
2/18/2017,11,10,1,0,4.818,991.11
2/17/2017,11,10,1,0,4.818,991.11
2/16/2017,11,10,1,0,4.818,991.11
2/15/2017,11,10,1,0,4.818,991.11
2/14/2017,11,10,1,0,4.818,991.11
2/13/2017,11,10,1,0,4.818,991.11
2/12/2017,11,10,1,0,4.818,991.11
2/11/2017,11,10,1,0,4.818,991.11
2/10/2017,11,10,1,0,4.818,991.11
2/9/2017,11,10,1,0,4.818,991.11
2/8/2017,11,10,1,0,4.818,991.11
2/7/2017,11,10,1,0,4.818,991.11
2/6/2017,11,10,1,0,4.818,991.11
2/5/2017,11,10,1,0,4.818,991.11
2/4/2017,11,10,1,0,4.818,991.11
2/3/2017,11,10,1,0,4.818,991.11
2/2/2017,11,10,1,0,4.818,991.11
2/1/2017,11,10,1,0,4.818,991.11
1/31/2017,11,10,1,0,4.818,991.11
1/30/2017,11,10,1,0,4.818,991.11
1/29/2017,11,10,1,0,4.818,991.11
1/28/2017,11,10,1,0,4.818,991.11
1/27/2017,11,10,1,0,4.818,991.11
1/26/2017,11,10,1,0,4.818,973.33
1/25/2017,11,10,1,0,4.818,973.33
1/24/2017,11,10,1,0,4.818,973.33
1/23/2017,11,10,1,0,4.818,973.33
1/22/2017,11,10,1,0,4.818,973.33
1/21/2017,11,10,1,0,4.818,973.33
1/20/2017,11,10,1,0,4.818,973.33
1/19/2017,11,10,1,0,4.818,978.89
1/18/2017,11,10,1,0,4.818,978.89
1/17/2017,11,10,1,0,4.818,978.89
1/16/2017,11,10,1,0,4.818,981.25
1/15/2017,11,10,1,0,4.818,981.25
1/14/2017,11,10,1,0,4.818,981.25
1/13/2017,11,10,1,0,4.818,981.25
1/12/2017,11,10,1,0,4.818,981.25
1/11/2017,11,10,1,0,4.818,981.25
1/10/2017,11,10,1,0,4.818,981.25
1/9/2017,10,9,1,0,4.8,971.43
1/8/2017,10,9,1,0,4.8,971.43
1/7/2017,10,9,1,0,4.8,971.43
1/6/2017,10,9,1,0,4.8,971.43
1/5/2017,10,9,1,0,4.8,971.43
1/4/2017,10,9,1,0,4.8,971.43
1/3/2017,10,9,1,0,4.8,971.43
1/2/2017,10,9,1,0,4.8,966.67
1/1/2017,10,9,1,0,4.8,966.67
12/31/2016,10,9,1,0,4.8,966.67
12/30/2016,10,9,1,0,4.8,966.67
12/29/2016,10,9,1,0,4.8,966.67
12/28/2016,10,9,1,0,4.8,966.67
12/27/2016,10,9,1,0,4.8,966.67
12/26/2016,10,9,1,0,4.8,966.67
12/25/2016,10,9,1,0,4.8,966.67
12/24/2016,10,9,1,0,4.8,966.67
12/23/2016,10,9,1,0,4.8,966.67
12/22/2016,10,9,1,0,4.8,966.67
12/21/2016,10,9,1,0,4.8,966.67
12/20/2016,11,9,2,0,4.636,966.67
12/19/2016,11,9,2,0,4.636,966.67
12/18/2016,11,9,2,0,4.636,966.67
12/17/2016,11,9,2,0,4.636,966.67
12/16/2016,11,9,2,0,4.636,966.67
12/15/2016,11,9,2,0,4.636,966.67
12/14/2016,11,9,2,0,4.636,966.67
12/13/2016,11,9,2,0,4.636,966.67
12/12/2016,11,9,2,0,4.636,966.67
12/11/2016,11,9,2,0,4.636,957.5
12/10/2016,11,9,2,0,4.636,957.5
12/9/2016,11,9,2,0,4.636,957.5
12/8/2016,11,9,2,0,4.636,957.5
12/7/2016,11,9,2,0,4.636,957.5
12/6/2016,11,9,2,0,4.636,957.5
12/5/2016,11,9,2,0,4.636,957.5
12/4/2016,11,9,2,0,4.636,957.5
12/3/2016,11,9,2,0,4.636,957.5
12/2/2016,11,9,2,0,4.636,957.5
12/1/2016,11,9,2,0,4.636,957.5
11/30/2016,11,9,2,0,4.636,957.5
11/29/2016,11,9,2,0,4.636,957.5
11/28/2016,11,9,2,0,4.636,957.5
11/27/2016,11,9,2,0,4.636,957.5
11/26/2016,11,9,2,0,4.636,957.5
11/25/2016,11,9,2,0,4.636,957.5
11/24/2016,11,9,2,0,4.636,957.5
11/23/2016,11,9,2,0,4.636,957.5
11/22/2016,11,9,2,0,4.636,957.5
11/21/2016,11,9,2,0,4.636,957.5
11/20/2016,11,9,2,0,4.636,957.5
11/19/2016,11,9,2,0,4.636,957.5
11/18/2016,11,9,2,0,4.636,957.5
11/17/2016,11,9,2,0,4.636,957.5
11/16/2016,11,9,2,0,4.636,957.5
11/15/2016,11,9,2,0,4.636,957.5
11/14/2016,11,9,2,0,4.636,957.5
11/13/2016,11,9,2,0,4.636,957.5
11/12/2016,11,9,2,0,4.636,957.5
11/11/2016,11,9,2,0,4.636,957.5
11/10/2016,11,9,2,0,4.636,957.5
11/9/2016,11,9,2,0,4.636,957.5
11/8/2016,11,9,2,0,4.636,957.5
11/7/2016,11,9,2,0,4.636,957.5
11/6/2016,11,9,2,0,4.636,963
11/5/2016,11,9,2,0,4.636,963
11/4/2016,11,9,2,0,4.636,963
11/3/2016,11,9,2,0,4.636,963
11/2/2016,11,9,2,0,4.636,963
11/1/2016,11,9,2,0,4.636,963
10/31/2016,11,9,2,0,4.636,963
10/30/2016,11,9,2,0,4.636,963
10/29/2016,11,9,2,0,4.636,956.67
10/28/2016,11,9,2,0,4.636,956.67
10/27/2016,11,9,2,0,4.636,940.83
10/26/2016,11,9,2,0,4.636,932.5
10/25/2016,11,9,2,0,4.636,932.5
10/24/2016,11,9,2,0,4.636,932.5
10/23/2016,11,9,2,0,4.636,932.5
10/22/2016,11,9,2,0,4.636,932.5
10/21/2016,11,9,2,0,4.636,932.5
10/20/2016,11,9,2,0,4.636,932.5
10/19/2016,11,9,2,0,4.636,932.5
10/18/2016,11,9,2,0,4.636,932.5
10/17/2016,11,9,2,0,4.636,932.5
10/16/2016,11,9,2,0,4.636,927.86
10/15/2016,11,9,2,0,4.636,927.86
10/14/2016,11,9,2,0,4.636,927.86
10/13/2016,11,9,2,0,4.636,927.86
10/12/2016,11,9,2,0,4.636,927.86
10/11/2016,11,9,2,0,4.636,927.86
10/10/2016,10,8,2,0,4.6,925.83
10/9/2016,10,8,2,0,4.6,925.83
10/8/2016,10,8,2,0,4.6,925.83
10/7/2016,10,8,2,0,4.6,925.83
10/6/2016,10,8,2,0,4.6,925.83
10/5/2016,10,8,2,0,4.6,925.83
10/4/2016,9,7,2,0,4.556,931
10/3/2016,9,7,2,0,4.556,931
10/2/2016,10,8,2,0,4.6,931
10/1/2016,10,8,2,0,4.6,931
9/30/2016,10,8,2,0,4.6,931
9/29/2016,11,9,2,0,4.636,931
9/28/2016,11,9,2,0,4.636,931
9/27/2016,11,9,2,0,4.636,931
9/26/2016,11,9,2,0,4.636,931
9/25/2016,11,9,2,0,4.636,931
9/24/2016,11,9,2,0,4.636,931
9/23/2016,11,9,2,0,4.636,931
9/22/2016,11,9,2,0,4.636,931
9/21/2016,11,9,2,0,4.636,931
9/20/2016,11,9,2,0,4.636,931
9/19/2016,11,9,2,0,4.636,931
9/18/2016,11,9,2,0,4.636,931
9/17/2016,11,9,2,0,4.636,931
9/16/2016,11,9,2,0,4.636,931
9/15/2016,11,9,2,0,4.636,931
9/14/2016,11,9,2,0,4.636,931
9/13/2016,11,9,2,0,4.636,931
9/12/2016,11,9,2,0,4.636,931
9/11/2016,11,9,2,0,4.636,931
9/10/2016,11,9,2,0,4.636,931
9/9/2016,11,9,2,0,4.636,931
9/8/2016,11,9,2,0,4.636,931
9/7/2016,11,9,2,0,4.636,931
9/6/2016,11,9,2,0,4.636,931
9/5/2016,11,9,2,0,4.636,931
9/4/2016,11,9,2,0,4.636,931
9/3/2016,11,9,2,0,4.636,931
9/2/2016,11,9,2,0,4.636,931
9/1/2016,11,9,2,0,4.636,931
8/31/2016,11,9,2,0,4.636,931
8/30/2016,11,9,2,0,4.636,931
8/29/2016,11,9,2,0,4.636,931
8/28/2016,11,9,2,0,4.636,931
8/27/2016,11,9,2,0,4.636,931
8/26/2016,11,9,2,0,4.636,931
8/25/2016,11,9,2,0,4.636,931
8/24/2016,11,9,2,0,4.636,931
8/23/2016,11,9,2,0,4.636,931
8/22/2016,11,9,2,0,4.636,931
8/21/2016,11,9,2,0,4.636,931
8/20/2016,11,9,2,0,4.636,930
8/19/2016,11,9,2,0,4.636,930
8/18/2016,11,9,2,0,4.636,930
8/17/2016,11,9,2,0,4.636,930
8/16/2016,11,9,2,0,4.636,930
8/15/2016,11,9,2,0,4.636,930
8/14/2016,11,9,2,0,4.636,930
8/13/2016,11,9,2,0,4.636,930
8/12/2016,11,9,2,0,4.636,930
8/11/2016,11,9,2,0,4.636,930
8/10/2016,11,9,2,0,4.636,930
8/9/2016,11,9,2,0,4.636,930
8/8/2016,11,9,2,0,4.636,930
8/7/2016,11,9,2,0,4.636,930
8/6/2016,11,9,2,0,4.636,930
8/5/2016,11,9,2,0,4.636,930
8/4/2016,11,9,2,0,4.636,930
8/3/2016,11,9,2,0,4.636,930
8/2/2016,11,9,2,0,4.636,930
8/1/2016,11,9,2,0,4.636,930
7/31/2016,11,9,2,0,4.636,930
7/30/2016,11,9,2,0,4.636,930
7/29/2016,11,9,2,0,4.636,930
7/28/2016,11,9,2,0,4.636,913.75
7/27/2016,11,9,2,0,4.636,890.75
7/26/2016,11,9,2,0,4.636,890.75
7/25/2016,11,9,2,0,4.636,890.75
7/24/2016,11,9,2,0,4.636,868.33
7/23/2016,11,9,2,0,4.636,868.33
7/22/2016,11,9,2,0,4.636,897.6
7/21/2016,11,9,2,0,4.636,897.6
7/20/2016,11,9,2,0,4.636,897.6
7/19/2016,11,9,2,0,4.636,897.6
7/18/2016,11,9,2,0,4.636,897.6
7/17/2016,11,9,2,0,4.636,897.6
7/16/2016,11,9,2,0,4.636,897.6
7/15/2016,11,9,2,0,4.636,897.6
7/14/2016,11,9,2,0,4.636,897.6
7/13/2016,11,9,2,0,4.636,897.6
7/12/2016,11,9,2,0,4.636,897.6
7/11/2016,11,9,2,0,4.636,897.6
7/10/2016,11,9,2,0,4.636,897.6
7/9/2016,11,9,2,0,4.636,897.6
7/8/2016,11,9,2,0,4.636,897.6
7/7/2016,11,9,2,0,4.636,897.6
7/6/2016,11,9,2,0,4.636,894.67
7/5/2016,11,9,2,0,4.636,894.67
7/4/2016,11,9,2,0,4.636,894.67
7/3/2016,11,9,2,0,4.636,894.67
7/2/2016,11,9,2,0,4.636,894.67
7/1/2016,11,9,2,0,4.636,894.67
6/30/2016,11,9,2,0,4.636,894.67
6/29/2016,11,9,2,0,4.636,894.67
6/28/2016,11,9,2,0,4.636,894.67
6/27/2016,11,9,2,0,4.636,894.67
6/26/2016,11,9,2,0,4.636,894.67
6/25/2016,11,9,2,0,4.636,894.67
6/24/2016,11,9,2,0,4.636,894.67
6/23/2016,11,9,2,0,4.636,894.67
6/22/2016,11,9,2,0,4.636,894.67
6/21/2016,11,9,2,0,4.636,894.67
6/20/2016,11,9,2,0,4.636,894.67
6/19/2016,11,9,2,0,4.636,894.67
6/18/2016,11,9,2,0,4.636,894.67
6/17/2016,11,9,2,0,4.636,894.67
6/16/2016,11,9,2,0,4.636,894.67
6/15/2016,11,9,2,0,4.636,894.67
6/14/2016,11,9,2,0,4.636,894.67
6/13/2016,11,9,2,0,4.636,894.67
6/12/2016,11,9,2,0,4.636,894.67
6/11/2016,11,9,2,0,4.636,894.67
6/10/2016,11,9,2,0,4.636,894.67
6/9/2016,11,9,2,0,4.636,894.67
6/8/2016,11,9,2,0,4.636,894.67
6/7/2016,11,9,2,0,4.636,894.67
6/6/2016,11,9,2,0,4.636,894.67
6/5/2016,11,9,2,0,4.636,894.67
6/4/2016,11,9,2,0,4.636,894.67
6/3/2016,11,9,2,0,4.636,894.67
6/2/2016,11,9,2,0,4.636,894.67
6/1/2016,11,9,2,0,4.636,894.67
5/31/2016,11,9,2,0,4.636,894.67
5/30/2016,11,9,2,0,4.636,894.67
5/29/2016,11,9,2,0,4.636,894.67
5/28/2016,11,9,2,0,4.636,894.67
5/27/2016,11,9,2,0,4.636,894.67
5/26/2016,11,9,2,0,4.636,894.67
5/25/2016,11,9,2,0,4.636,894.67
5/24/2016,11,9,2,0,4.636,894.67
5/23/2016,11,9,2,0,4.636,894.67
5/22/2016,11,9,2,0,4.636,894.67
5/21/2016,11,9,2,0,4.636,894.67
5/20/2016,11,9,2,0,4.636,894.67
5/19/2016,11,9,2,0,4.636,898.83
5/18/2016,11,9,2,0,4.636,898.83
5/17/2016,11,9,2,0,4.636,898.83
5/16/2016,11,9,2,0,4.636,898.83
5/15/2016,11,9,2,0,4.636,898.83
5/14/2016,11,9,2,0,4.636,898.83
5/13/2016,11,9,2,0,4.636,898.83
5/12/2016,11,9,2,0,4.636,898.83
5/11/2016,11,9,2,0,4.636,898.83
5/10/2016,11,9,2,0,4.636,898.83
5/9/2016,11,9,2,0,4.636,898.83
5/8/2016,11,9,2,0,4.636,898.83
5/7/2016,11,9,2,0,4.636,898.83
5/6/2016,11,9,2,0,4.636,898.83
5/5/2016,11,9,2,0,4.636,898.83
5/4/2016,11,9,2,0,4.636,898.83
5/3/2016,11,9,2,0,4.636,898.83
5/2/2016,11,9,2,0,4.636,898.83
5/1/2016,11,9,2,0,4.636,898.83
4/30/2016,11,9,2,0,4.636,898.83
4/29/2016,11,9,2,0,4.636,898.83
4/28/2016,11,9,2,0,4.636,898.83
4/27/2016,11,9,2,0,4.636,898.83
4/26/2016,11,9,2,0,4.636,898.83
4/25/2016,11,9,2,0,4.636,898.83
4/24/2016,11,9,2,0,4.636,898.83
4/23/2016,11,9,2,0,4.636,898.83
4/22/2016,11,9,2,0,4.636,898.83
4/21/2016,11,9,2,0,4.636,906.67
4/20/2016,11,9,2,0,4.636,920
4/19/2016,11,9,2,0,4.636,920
4/18/2016,11,9,2,0,4.636,920
4/17/2016,11,9,2,0,4.636,920
4/16/2016,11,9,2,0,4.636,920
4/15/2016,11,9,2,0,4.636,920
4/14/2016,11,9,2,0,4.636,920
4/13/2016,11,9,2,0,4.636,920
4/12/2016,11,9,2,0,4.636,920
4/11/2016,11,9,2,0,4.636,920
4/10/2016,11,9,2,0,4.636,920
4/9/2016,11,9,2,0,4.636,920
4/8/2016,11,9,2,0,4.636,920
4/7/2016,11,9,2,0,4.636,920
4/6/2016,11,9,2,0,4.636,920
4/5/2016,11,9,2,0,4.636,919.17
4/4/2016,11,9,2,0,4.636,926.14
4/3/2016,11,9,2,0,4.636,926.14
4/2/2016,11,9,2,0,4.636,926.14
4/1/2016,11,9,2,0,4.636,926.14
3/31/2016,11,9,2,0,4.636,926.14
3/30/2016,11,9,2,0,4.636,926.14
3/29/2016,11,9,2,0,4.636,926.14
3/28/2016,11,9,2,0,4.636,926.14
3/27/2016,11,9,2,0,4.636,926.14
3/26/2016,11,9,2,0,4.636,926.14
3/25/2016,11,9,2,0,4.636,926.14
3/24/2016,11,9,2,0,4.636,926.14
3/23/2016,11,9,2,0,4.636,926.14
3/22/2016,11,9,2,0,4.636,926.14
3/21/2016,10,9,1,0,4.8,926.14
3/20/2016,10,9,1,0,4.8,926.14
3/19/2016,10,9,1,0,4.8,926.14
3/18/2016,10,9,1,0,4.8,926.14
3/17/2016,10,9,1,0,4.8,926.14
3/16/2016,10,9,1,0,4.8,926.14
3/15/2016,10,9,1,0,4.8,926.14
3/14/2016,10,9,1,0,4.8,926.14
3/13/2016,10,9,1,0,4.8,926.14
3/12/2016,10,9,1,0,4.8,926.14
3/11/2016,10,9,1,0,4.8,926.14
3/10/2016,10,9,1,0,4.8,926.14
3/9/2016,10,9,1,0,4.8,926.14
3/8/2016,10,9,1,0,4.8,926.14
3/7/2016,10,9,1,0,4.8,926.14
3/6/2016,10,9,1,0,4.8,926.14
3/5/2016,10,9,1,0,4.8,926.14
3/4/2016,10,9,1,0,4.8,926.14
3/3/2016,10,9,1,0,4.8,926.14
3/2/2016,10,9,1,0,4.8,926.14
3/1/2016,10,9,1,0,4.8,926.14
2/29/2016,10,9,1,0,4.8,926.14
2/28/2016,10,9,1,0,4.8,926.14
2/27/2016,10,9,1,0,4.8,926.14
2/26/2016,10,9,1,0,4.8,926.14
2/25/2016,10,9,1,0,4.8,926.14
2/24/2016,10,9,1,0,4.8,926.14
2/23/2016,10,9,1,0,4.8,926.14
2/22/2016,10,9,1,0,4.8,926.14
2/21/2016,10,9,1,0,4.8,926.14
2/20/2016,10,9,1,0,4.8,926.14
2/19/2016,10,9,1,0,4.8,926.14
2/18/2016,10,9,1,0,4.8,926.14
2/17/2016,10,9,1,0,4.8,926.14
2/16/2016,10,9,1,0,4.8,926.14
2/15/2016,10,9,1,0,4.8,926.14
2/14/2016,10,9,1,0,4.8,926.14
2/13/2016,10,9,1,0,4.8,926.14
2/12/2016,10,9,1,0,4.8,926.14
2/11/2016,10,9,1,0,4.8,926.14
2/10/2016,10,9,1,0,4.8,926.14
2/9/2016,10,9,1,0,4.8,926.14
2/8/2016,10,9,1,0,4.8,926.14
2/7/2016,10,9,1,0,4.8,926.14
2/6/2016,10,9,1,0,4.8,926.14
2/5/2016,10,9,1,0,4.8,926.14
2/4/2016,10,9,1,0,4.8,926.14
2/3/2016,10,9,1,0,4.8,926.14
2/2/2016,10,9,1,0,4.8,926.14
2/1/2016,10,9,1,0,4.8,864
1/31/2016,9,9,0,0,5,842
1/30/2016,9,9,0,0,5,842
1/29/2016,9,9,0,0,5,842
1/28/2016,9,9,0,0,5,855
1/27/2016,9,9,0,0,5,855
1/26/2016,9,9,0,0,5,855
1/25/2016,9,9,0,0,5,855
1/24/2016,10,9,1,0,4.8,855
1/23/2016,10,9,1,0,4.8,851.67
1/22/2016,10,9,1,0,4.8,851.67
1/21/2016,10,9,1,0,4.8,851.67
1/20/2016,10,9,1,0,4.8,851.67
1/19/2016,10,9,1,0,4.8,851.67
1/18/2016,10,9,1,0,4.8,851.67
1/17/2016,10,9,1,0,4.8,851.67
1/16/2016,10,9,1,0,4.8,851.67
1/15/2016,10,9,1,0,4.8,851.67
1/14/2016,10,9,1,0,4.8,851.67
1/13/2016,10,9,1,0,4.8,851.67
1/12/2016,10,9,1,0,4.8,851.67
1/11/2016,10,9,1,0,4.8,849.17
1/10/2016,10,9,1,0,4.8,849.17
1/9/2016,10,9,1,0,4.8,849.17
1/8/2016,10,9,1,0,4.8,849.17
1/7/2016,10,9,1,0,4.8,849.17
1/6/2016,10,9,1,0,4.8,849.17
1/5/2016,10,9,1,0,4.8,849.17
1/4/2016,10,9,1,0,4.8,849.17
1/3/2016,10,9,1,0,4.8,849.17
1/2/2016,10,9,1,0,4.8,849.17
1/1/2016,10,9,1,0,4.8,849.17
12/31/2015,10,9,1,0,4.8,849.17
12/30/2015,13,12,1,0,4.769,849.17
12/29/2015,13,12,1,0,4.769,834.71
12/28/2015,13,12,1,0,4.769,834.71
12/27/2015,13,12,1,0,4.769,834.71
12/26/2015,13,12,1,0,4.769,834.71
12/25/2015,13,12,1,0,4.769,834.71
12/24/2015,13,12,1,0,4.769,834.71
12/23/2015,13,12,1,0,4.769,834.71
12/22/2015,13,12,1,0,4.769,834.71
12/21/2015,13,12,1,0,4.769,834.71
12/20/2015,13,12,1,0,4.769,834.71
12/19/2015,13,12,1,0,4.769,834.71
12/18/2015,13,12,1,0,4.769,834.71
12/17/2015,13,12,1,0,4.769,834.71
12/16/2015,13,12,1,0,4.769,826.85
12/15/2015,13,12,1,0,4.769,826.85
12/14/2015,13,12,1,0,4.769,826.85
12/13/2015,13,12,1,0,4.769,826.85
12/12/2015,13,12,1,0,4.769,826.85
12/11/2015,13,12,1,0,4.769,826.85
12/10/2015,13,12,1,0,4.769,826.85
12/9/2015,13,12,1,0,4.769,826.85
12/8/2015,13,12,1,0,4.769,826.85
12/7/2015,13,12,1,0,4.769,826.85
12/6/2015,13,12,1,0,4.769,826.85
12/5/2015,13,12,1,0,4.769,826.85
12/4/2015,13,12,1,0,4.769,826.85
12/3/2015,13,12,1,0,4.769,826.85
12/2/2015,13,12,1,0,4.769,826.85
12/1/2015,13,12,1,0,4.769,826.85
11/30/2015,13,12,1,0,4.769,826.85
11/29/2015,13,12,1,0,4.769,826.85
11/28/2015,13,12,1,0,4.769,826.85
11/27/2015,13,12,1,0,4.769,826.85
11/26/2015,13,12,1,0,4.769,826.85
11/25/2015,13,12,1,0,4.769,826.85
11/24/2015,13,12,1,0,4.769,826.85
11/23/2015,13,12,1,0,4.769,826.85
11/22/2015,13,12,1,0,4.769,826.85
11/21/2015,13,12,1,0,4.769,826.85
11/20/2015,13,12,1,0,4.769,826.85
11/19/2015,13,12,1,0,4.769,826.85
11/18/2015,13,12,1,0,4.769,826.85
11/17/2015,13,12,1,0,4.769,826.85
11/16/2015,13,12,1,0,4.769,826.85
11/15/2015,13,12,1,0,4.769,826.85
11/14/2015,13,12,1,0,4.769,826.85
11/13/2015,13,12,1,0,4.769,826.85
11/12/2015,13,12,1,0,4.769,826.85
11/11/2015,13,12,1,0,4.769,813.49
11/10/2015,13,12,1,0,4.769,813.49
11/9/2015,13,12,1,0,4.769,813.49
11/8/2015,13,12,1,0,4.769,813.49
11/7/2015,13,12,1,0,4.769,813.49
11/6/2015,13,12,1,0,4.769,813.49
11/5/2015,13,12,1,0,4.769,813.49
11/4/2015,13,12,1,0,4.769,813.49
11/3/2015,13,12,1,0,4.769,813.49
11/2/2015,13,12,1,0,4.769,813.49
11/1/2015,13,12,1,0,4.769,813.49
10/31/2015,13,12,1,0,4.769,813.49
10/30/2015,13,12,1,0,4.769,813.49
10/29/2015,13,12,1,0,4.769,813.49
10/28/2015,13,12,1,0,4.769,813.49
10/27/2015,13,12,1,0,4.769,813.49
10/26/2015,13,12,1,0,4.769,813.49
10/25/2015,13,12,1,0,4.769,813.49
10/24/2015,13,12,1,0,4.769,813.49
10/23/2015,13,12,1,0,4.769,813.49
10/22/2015,13,12,1,0,4.769,754.74
10/21/2015,13,12,1,0,4.769,745.99
10/20/2015,13,12,1,0,4.769,745.99
10/19/2015,13,12,1,0,4.769,745.99
10/18/2015,13,12,1,0,4.769,749.71
10/17/2015,13,12,1,0,4.769,745.99
10/16/2015,13,12,1,0,4.769,745.99
10/15/2015,13,12,1,0,4.769,745.99
10/14/2015,13,12,1,0,4.769,745.99
10/13/2015,13,12,1,0,4.769,745.99
10/12/2015,13,12,1,0,4.769,745.99
10/11/2015,13,12,1,0,4.769,745.99
10/10/2015,13,12,1,0,4.769,745.99
10/9/2015,13,12,1,0,4.769,745.99
10/8/2015,13,12,1,0,4.769,745.99
10/7/2015,13,12,1,0,4.769,745.99
10/6/2015,13,12,1,0,4.769,745.99
10/5/2015,13,12,1,0,4.769,745.99
10/4/2015,13,12,1,0,4.769,745.99
10/3/2015,13,12,1,0,4.769,745.99
10/2/2015,13,12,1,0,4.769,745.99
10/1/2015,13,13,0,0,4.923,745.99
9/30/2015,13,12,1,0,4.769,742.24
9/29/2015,13,12,1,0,4.769,742.24
9/28/2015,13,12,1,0,4.769,741.43
9/27/2015,13,11,2,0,4.615,741.43
9/26/2015,13,11,2,0,4.615,741.43
9/25/2015,13,11,2,0,4.615,741.43
9/24/2015,13,11,2,0,4.615,741.43
9/23/2015,13,11,2,0,4.615,741.43
9/22/2015,13,11,2,0,4.615,741.43
9/21/2015,13,11,2,0,4.615,741.43
9/20/2015,13,11,2,0,4.615,741.43
9/19/2015,13,11,2,0,4.615,741.43
9/18/2015,13,11,2,0,4.615,741.43
9/17/2015,13,11,2,0,4.615,741.43
9/16/2015,13,11,2,0,4.615,741.43
9/15/2015,13,11,2,0,4.615,741.43
9/14/2015,13,11,2,0,4.615,741.43
9/13/2015,13,11,2,0,4.615,741.43
9/12/2015,13,11,2,0,4.615,741.43
9/11/2015,13,11,2,0,4.615,741.43
9/10/2015,13,11,2,0,4.615,741.43
9/9/2015,13,12,1,0,4.769,741.43
9/8/2015,13,12,1,0,4.769,741.43
9/7/2015,13,12,1,0,4.769,741.43
9/6/2015,13,12,1,0,4.769,741.43
9/5/2015,13,12,1,0,4.769,741.43
9/4/2015,13,12,1,0,4.769,741.43
9/3/2015,13,12,1,0,4.769,741.43
9/2/2015,13,12,1,0,4.769,741.43
9/1/2015,13,12,1,0,4.769,736.25
8/31/2015,13,11,2,0,4.615,736.25
8/30/2015,13,11,2,0,4.615,736.25
8/29/2015,13,11,2,0,4.615,736.25
8/28/2015,13,11,2,0,4.615,736.25
8/27/2015,13,11,2,0,4.615,736.25
8/26/2015,13,11,2,0,4.615,736.25
8/25/2015,13,12,1,0,4.769,736.25
8/24/2015,13,12,1,0,4.769,736.25
8/23/2015,13,11,2,0,4.615,736.25
8/22/2015,13,11,2,0,4.615,736.25
8/21/2015,13,11,2,0,4.615,736.25
8/20/2015,13,11,2,0,4.615,736.25
8/19/2015,13,11,2,0,4.615,736.25
8/18/2015,13,11,2,0,4.615,736.25
8/17/2015,13,11,2,0,4.615,736.25
8/16/2015,13,11,2,0,4.615,736.25
8/15/2015,13,11,2,0,4.615,723.89
8/14/2015,13,11,2,0,4.615,723.89
8/13/2015,13,11,2,0,4.615,723.89
8/12/2015,13,11,2,0,4.615,723.89
8/11/2015,13,11,2,0,4.615,717.22
8/10/2015,13,11,2,0,4.615,717.22
8/9/2015,13,11,2,0,4.615,717.22
8/8/2015,13,11,2,0,4.615,717.22
8/7/2015,13,11,2,0,4.615,717.22
8/6/2015,13,11,2,0,4.615,717.22
8/5/2015,13,11,2,0,4.615,717.22
8/4/2015,13,11,2,0,4.615,717.22
8/3/2015,13,11,2,0,4.615,717.22
8/2/2015,13,11,2,0,4.615,717.22
8/1/2015,13,11,2,0,4.615,717.22
7/31/2015,13,11,2,0,4.615,717.22
7/30/2015,13,11,2,0,4.615,717.22
7/29/2015,13,11,2,0,4.615,717.22
7/28/2015,13,11,2,0,4.615,717.22
7/27/2015,13,11,2,0,4.615,717.22
7/26/2015,13,11,2,0,4.615,717.22
7/25/2015,13,11,2,0,4.615,717.22
7/24/2015,13,11,2,0,4.615,717.22
7/23/2015,13,11,2,0,4.615,717.22
7/22/2015,13,11,2,0,4.615,717.22
7/21/2015,13,11,2,0,4.615,717.22
7/20/2015,13,11,2,0,4.615,717.22
7/19/2015,13,11,2,0,4.615,717.22
7/18/2015,13,11,2,0,4.615,717.22
7/17/2015,13,11,2,0,4.615,717.22
7/16/2015,13,12,1,0,4.769,644.03
7/15/2015,13,12,1,0,4.769,644.03
7/14/2015,13,12,1,0,4.769,644.03
7/13/2015,13,12,1,0,4.769,644.03
7/12/2015,13,12,1,0,4.769,644.03
7/11/2015,13,12,1,0,4.769,644.03
7/10/2015,13,12,1,0,4.769,644.03
7/9/2015,13,12,1,0,4.769,644.03
7/8/2015,13,12,1,0,4.769,644.03
7/7/2015,13,12,1,0,4.769,644.03
7/6/2015,13,12,1,0,4.769,644.03
7/5/2015,13,12,1,0,4.769,644.03
7/4/2015,13,12,1,0,4.769,644.03
7/3/2015,13,12,1,0,4.769,644.03
7/2/2015,13,12,1,0,4.769,644.03
7/1/2015,13,12,1,0,4.769,644.03
6/30/2015,13,12,1,0,4.769,644.03
6/29/2015,13,12,1,0,4.769,644.03
6/28/2015,13,12,1,0,4.769,644.03
6/27/2015,13,12,1,0,4.769,644.03
6/26/2015,13,12,1,0,4.769,644.03
6/25/2015,13,12,1,0,4.769,644.03
6/24/2015,13,12,1,0,4.769,644.03
6/23/2015,13,12,1,0,4.769,644.03
6/22/2015,13,12,1,0,4.769,644.03
6/21/2015,13,12,1,0,4.769,644.03
6/20/2015,13,12,1,0,4.769,644.03
6/19/2015,13,12,1,0,4.769,644.03
6/18/2015,13,12,1,0,4.769,644.03
6/17/2015,13,12,1,0,4.769,644.03
6/16/2015,13,12,1,0,4.769,644.03
6/15/2015,13,12,1,0,4.769,644.03
6/14/2015,13,12,1,0,4.769,644.03
6/13/2015,13,12,1,0,4.769,644.03
6/12/2015,13,12,1,0,4.769,644.03
6/11/2015,13,12,1,0,4.769,644.03
6/10/2015,13,12,1,0,4.769,644.03
6/9/2015,13,12,1,0,4.769,644.03
6/8/2015,13,12,1,0,4.769,644.03
6/7/2015,13,12,1,0,4.769,644.03
6/6/2015,13,12,1,0,4.769,644.03
6/5/2015,13,12,1,0,4.769,644.03
6/4/2015,13,12,1,0,4.769,644.03
6/3/2015,13,12,1,0,4.769,644.03
6/2/2015,13,12,1,0,4.769,647.37
6/1/2015,13,12,1,0,4.769,647.37
5/31/2015,13,12,1,0,4.769,640.79
5/30/2015,13,12,1,0,4.769,640.79
5/29/2015,13,12,1,0,4.769,640.79
5/28/2015,13,12,1,0,4.769,640.79
5/27/2015,13,12,1,0,4.769,640.55
5/26/2015,13,12,1,0,4.769,640.55
5/25/2015,13,12,1,0,4.769,640.55
5/24/2015,13,12,1,0,4.769,640.55
5/23/2015,13,12,1,0,4.769,640.55
5/22/2015,13,12,1,0,4.769,640.55
5/21/2015,13,12,1,0,4.769,640.55
5/20/2015,13,12,1,0,4.769,640.55
5/19/2015,13,12,1,0,4.769,640.55
5/18/2015,13,12,1,0,4.769,640.55
5/17/2015,13,12,1,0,4.769,640.55
5/16/2015,13,12,1,0,4.769,640.55
5/15/2015,13,12,1,0,4.769,640.55
5/14/2015,13,12,1,0,4.769,642.78
5/13/2015,13,12,1,0,4.769,642.78
5/12/2015,13,12,1,0,4.769,642.78
5/11/2015,13,12,1,0,4.769,642.78
5/10/2015,13,12,1,0,4.769,642.78
5/9/2015,13,12,1,0,4.769,642.78
5/8/2015,13,12,1,0,4.769,642.78
5/7/2015,13,12,1,0,4.769,642.78
5/6/2015,13,12,1,0,4.769,642.78
5/5/2015,13,12,1,0,4.769,642.78
5/4/2015,13,12,1,0,4.769,642.78
5/3/2015,13,12,1,0,4.769,642.78
5/2/2015,13,12,1,0,4.769,642.78
5/1/2015,13,12,1,0,4.769,642.78
4/30/2015,13,12,1,0,4.769,642.78
4/29/2015,13,12,1,0,4.769,643.46
4/28/2015,13,12,1,0,4.769,643.46
4/27/2015,13,12,1,0,4.769,643.46
4/26/2015,13,12,1,0,4.769,643.46
4/25/2015,13,12,1,0,4.769,643.46
4/24/2015,13,12,1,0,4.769,643.46
4/23/2015,13,12,1,0,4.769,638.45
4/22/2015,13,12,1,0,4.769,638.45
4/21/2015,13,12,1,0,4.769,638.45
4/20/2015,13,12,1,0,4.769,638.45
4/19/2015,13,12,1,0,4.769,638.45
4/18/2015,13,12,1,0,4.769,638.45
4/17/2015,13,12,1,0,4.769,638.45
4/16/2015,13,12,1,0,4.769,638.45
4/15/2015,13,12,1,0,4.769,634.44
4/14/2015,13,12,1,0,4.769,634.44
4/13/2015,13,12,1,0,4.769,634.44
4/12/2015,13,12,1,0,4.769,634.44
4/11/2015,13,12,1,0,4.769,634.44
4/10/2015,13,12,1,0,4.769,634.44
4/9/2015,13,12,1,0,4.769,634.44
4/8/2015,13,12,1,0,4.769,634.44
4/7/2015,13,12,1,0,4.769,634.44
4/6/2015,13,12,1,0,4.769,634.44
4/5/2015,13,12,1,0,4.769,634.44
4/4/2015,13,12,1,0,4.769,634.44
4/3/2015,13,12,1,0,4.769,634.44
4/2/2015,13,12,1,0,4.769,634.44
4/1/2015,13,12,1,0,4.769,634.44
3/31/2015,13,12,1,0,4.769,634.44
3/30/2015,13,12,1,0,4.769,634.44
3/29/2015,13,12,1,0,4.769,634.44
3/28/2015,13,12,1,0,4.769,634.44
3/27/2015,13,12,1,0,4.769,634.44
3/26/2015,13,12,1,0,4.769,634.44
3/25/2015,13,12,1,0,4.769,634.44
3/24/2015,13,12,1,0,4.769,634.44
3/23/2015,13,12,1,0,4.769,634.44
3/22/2015,13,12,1,0,4.769,634.44
3/21/2015,13,12,1,0,4.769,634.44
3/20/2015,13,12,1,0,4.769,634.44
3/19/2015,13,12,1,0,4.769,634.44
3/18/2015,13,12,1,0,4.769,634.44
3/17/2015,13,12,1,0,4.769,638.45
3/16/2015,13,11,2,0,4.615,638.45
3/15/2015,13,11,2,0,4.615,638.45
3/14/2015,13,11,2,0,4.615,638.45
3/13/2015,13,11,2,0,4.615,638.45
3/12/2015,13,11,2,0,4.615,638.45
3/11/2015,13,11,2,0,4.615,638.45
3/10/2015,13,11,2,0,4.615,638.45
3/9/2015,13,11,2,0,4.615,638.45
3/8/2015,13,11,2,0,4.615,638.45
3/7/2015,13,11,2,0,4.615,638.45
3/6/2015,13,11,2,0,4.615,638.45
3/5/2015,13,11,2,0,4.615,638.45
3/4/2015,13,11,2,0,4.615,638.45
3/3/2015,13,11,2,0,4.615,638.45
3/2/2015,13,11,2,0,4.615,638.45
3/1/2015,13,10,3,0,4.462,638.25
2/28/2015,13,10,3,0,4.462,638.25
2/27/2015,13,10,3,0,4.462,638.25
2/26/2015,13,10,3,0,4.462,638.25
2/25/2015,13,10,3,0,4.462,638.25
2/24/2015,13,10,3,0,4.462,638.25
2/23/2015,13,10,3,0,4.462,638.25
2/22/2015,13,10,3,0,4.462,638.25
2/21/2015,13,10,3,0,4.462,638.25
2/20/2015,13,10,3,0,4.462,638.25
2/19/2015,13,10,3,0,4.462,638.25
2/18/2015,13,10,3,0,4.462,638.25
2/17/2015,13,10,3,0,4.462,638.25
2/16/2015,13,10,3,0,4.462,638.25
2/15/2015,13,10,3,0,4.462,638.25
2/14/2015,13,10,3,0,4.462,638.25
2/13/2015,13,10,3,0,4.462,638.25
2/12/2015,13,10,3,0,4.462,638.25
2/11/2015,13,10,3,0,4.462,638.25
2/10/2015,13,10,3,0,4.462,638.25
2/9/2015,13,10,3,0,4.462,638.25
2/8/2015,13,10,3,0,4.462,638.25
2/7/2015,13,10,3,0,4.462,638.25
2/6/2015,13,10,3,0,4.462,638.25
2/5/2015,13,10,3,0,4.462,638.25
2/4/2015,13,10,3,0,4.462,638.25
2/3/2015,13,10,3,0,4.462,638.25
2/2/2015,13,10,3,0,4.462,638.25
2/1/2015,14,11,3,0,4.5,638.25
1/31/2015,14,11,3,0,4.5,638.25
1/30/2015,14,11,3,0,4.5,638.25
1/29/2015,14,11,3,0,4.5,635.98
1/28/2015,14,11,3,0,4.5,643.73
1/27/2015,14,11,3,0,4.5,643.73
1/26/2015,14,11,3,0,4.5,643.73
1/25/2015,14,11,3,0,4.5,643.73
1/24/2015,14,11,3,0,4.5,643.73
1/23/2015,14,11,3,0,4.5,643.73
1/22/2015,14,11,3,0,4.5,643.73
1/21/2015,14,11,3,0,4.5,643.73
1/20/2015,14,11,3,0,4.5,643.73
1/19/2015,14,11,3,0,4.5,643.73
1/18/2015,14,11,3,0,4.5,643.73
1/17/2015,14,11,3,0,4.5,643.23
1/16/2015,14,11,3,0,4.5,643.23
1/15/2015,14,11,3,0,4.5,643.23
1/14/2015,14,11,3,0,4.5,651.57
1/13/2015,14,11,3,0,4.5,651.57
1/12/2015,14,11,3,0,4.5,651.57
1/11/2015,14,11,3,0,4.5,651.57
1/10/2015,14,11,3,0,4.5,651.57
1/9/2015,14,11,3,0,4.5,651.57
1/8/2015,14,11,3,0,4.5,651.57
1/7/2015,14,11,3,0,4.5,652.93
1/6/2015,14,11,3,0,4.5,653.84
1/5/2015,14,11,3,0,4.5,653.84
1/4/2015,14,11,3,0,4.5,653.84
1/3/2015,14,11,3,0,4.5,653.84
1/2/2015,14,11,3,0,4.5,653.84
1/1/2015,14,11,3,0,4.5,653.84
12/31/2014,14,11,3,0,4.5,653.84
12/30/2014,16,12,4,0,4.438,653.84
12/29/2014,16,12,4,0,4.438,653.95
12/28/2014,16,12,4,0,4.438,653.95
12/27/2014,16,12,4,0,4.438,653.95
12/26/2014,16,12,4,0,4.438,653.95
12/25/2014,16,12,4,0,4.438,653.95
12/24/2014,16,12,4,0,4.438,653.95
12/23/2014,16,12,4,0,4.438,653.95
12/22/2014,16,12,4,0,4.438,653.95
12/21/2014,16,12,4,0,4.438,653.95
12/20/2014,16,12,4,0,4.438,653.95
12/19/2014,16,12,4,0,4.438,653.95
12/18/2014,16,12,4,0,4.438,653.95
12/17/2014,16,12,4,0,4.438,653.95
12/16/2014,16,12,4,0,4.438,653.95
12/15/2014,16,12,4,0,4.438,659.77
12/14/2014,16,12,4,0,4.438,659.77
12/13/2014,16,12,4,0,4.438,659.77
12/12/2014,16,12,4,0,4.438,659.77
12/11/2014,16,12,4,0,4.438,659.77
12/10/2014,16,12,4,0,4.438,659.77
12/9/2014,16,12,4,0,4.438,659.77
12/8/2014,16,12,4,0,4.438,659.77
12/7/2014,16,12,4,0,4.438,659.77
12/6/2014,16,12,4,0,4.438,659.77
12/5/2014,16,12,4,0,4.438,652.75
12/4/2014,15,12,3,0,4.533,658.94
12/3/2014,15,12,3,0,4.533,658.94
12/2/2014,15,12,3,0,4.533,658.94
12/1/2014,15,12,3,0,4.533,658.94
11/30/2014,15,12,3,0,4.533,658.94
11/29/2014,15,12,3,0,4.533,658.94
11/28/2014,15,12,3,0,4.533,658.94
11/27/2014,15,12,3,0,4.533,658.94
11/26/2014,15,12,3,0,4.533,658.94
11/25/2014,15,12,3,0,4.533,658.94
11/24/2014,15,12,3,0,4.533,658.94
11/23/2014,15,12,3,0,4.533,658.94
11/22/2014,15,12,3,0,4.533,658.94
11/21/2014,15,12,3,0,4.533,658.94
11/20/2014,15,12,3,0,4.533,658.94
11/19/2014,15,12,3,0,4.533,658.94
11/18/2014,15,12,3,0,4.533,658.94
11/17/2014,15,12,3,0,4.533,658.94
11/16/2014,15,12,3,0,4.533,658.94
11/15/2014,15,12,3,0,4.533,658.94
11/14/2014,15,12,3,0,4.533,658.94
11/13/2014,15,12,3,0,4.533,658.94
11/12/2014,15,12,3,0,4.533,658.94
11/11/2014,15,12,3,0,4.533,658.94
11/10/2014,15,12,3,0,4.533,658.94
11/9/2014,15,12,3,0,4.533,658.94
11/8/2014,15,12,3,0,4.533,658.94
11/7/2014,15,12,3,0,4.533,658.94
11/6/2014,15,12,3,0,4.533,658.94
11/5/2014,15,12,3,0,4.533,658.94
11/4/2014,15,12,3,0,4.533,658.94
11/3/2014,15,12,3,0,4.533,658.94
11/2/2014,15,12,3,0,4.533,658.94
11/1/2014,15,12,3,0,4.533,658.94
10/31/2014,15,12,3,0,4.533,658.94
10/30/2014,15,12,3,0,4.533,658.94
10/29/2014,15,12,3,0,4.533,658.94
10/28/2014,15,12,3,0,4.533,658.94
10/27/2014,15,12,3,0,4.533,658.94
10/26/2014,15,12,3,0,4.533,658.94
10/25/2014,15,12,3,0,4.533,658.94
10/24/2014,15,12,3,0,4.533,658.94
10/23/2014,15,12,3,0,4.533,658.94
10/22/2014,15,12,3,0,4.533,658.94
10/21/2014,15,12,3,0,4.533,658.94
10/20/2014,15,12,3,0,4.533,658.94
10/19/2014,15,12,3,0,4.533,658.94
10/18/2014,15,12,3,0,4.533,658.94
10/17/2014,15,12,3,0,4.533,658.94
10/16/2014,15,12,3,0,4.533,668.83
10/15/2014,13,10,3,0,4.462,671.95
10/14/2014,13,10,3,0,4.462,671.95
10/13/2014,13,10,3,0,4.462,671.95
10/12/2014,13,10,3,0,4.462,671.95
10/11/2014,13,10,3,0,4.462,671.95
10/10/2014,13,10,3,0,4.462,671.95
10/9/2014,13,10,3,0,4.462,671.95
10/8/2014,13,10,3,0,4.462,671.46
10/7/2014,13,10,3,0,4.462,671.46
10/6/2014,13,10,3,0,4.462,671.46
10/5/2014,13,10,3,0,4.462,671.46
10/4/2014,13,10,3,0,4.462,671.46
10/3/2014,13,10,3,0,4.462,671.46
10/2/2014,13,10,3,0,4.462,671.46
10/1/2014,13,10,3,0,4.462,671.46
9/30/2014,13,10,3,0,4.462,671.46
9/29/2014,13,10,3,0,4.462,671.46
9/28/2014,13,10,3,0,4.462,671.46
9/27/2014,13,10,3,0,4.462,671.46
9/26/2014,13,10,3,0,4.462,671.46
9/25/2014,13,10,3,0,4.462,671.46
9/24/2014,13,10,3,0,4.462,671.46
9/23/2014,13,10,3,0,4.462,671.46
9/22/2014,13,10,3,0,4.462,671.46
9/21/2014,13,10,3,0,4.462,671.46
9/20/2014,13,10,3,0,4.462,671.46
9/19/2014,13,10,3,0,4.462,671.46
9/18/2014,13,10,3,0,4.462,671.46
9/17/2014,13,10,3,0,4.462,671.46
9/16/2014,13,10,3,0,4.462,671.46
9/15/2014,13,10,3,0,4.462,671.46
9/14/2014,13,10,3,0,4.462,671.46
9/13/2014,13,10,3,0,4.462,673.88
9/12/2014,13,10,3,0,4.462,673.88
9/11/2014,13,10,3,0,4.462,673.88
9/10/2014,13,10,3,0,4.462,673.88
9/9/2014,13,10,3,0,4.462,673.88
9/8/2014,13,10,3,0,4.462,673.88
9/7/2014,13,10,3,0,4.462,669.34
9/6/2014,13,10,3,0,4.462,669.34
9/5/2014,13,10,3,0,4.462,669.34
9/4/2014,13,10,3,0,4.462,669.34
9/3/2014,13,10,3,0,4.462,669.34
9/2/2014,13,10,3,0,4.462,669.34
9/1/2014,13,10,3,0,4.462,669.34
8/31/2014,13,10,3,0,4.462,669.34
8/30/2014,13,10,3,0,4.462,669.34
8/29/2014,13,10,3,0,4.462,669.34
8/28/2014,13,10,3,0,4.462,669.34
8/27/2014,13,10,3,0,4.462,669.34
8/26/2014,13,10,3,0,4.462,669.34
8/25/2014,13,10,3,0,4.462,669.34
8/24/2014,13,10,3,0,4.462,669.34
8/23/2014,13,10,3,0,4.462,669.34
8/22/2014,13,10,3,0,4.462,669.34
8/21/2014,13,10,3,0,4.462,669.34
8/20/2014,13,10,3,0,4.462,669.34
8/19/2014,13,10,3,0,4.462,669.34
8/18/2014,13,10,3,0,4.462,669.34
8/17/2014,13,10,3,0,4.462,669.34
8/16/2014,13,10,3,0,4.462,669.34
8/15/2014,13,10,3,0,4.462,669.34
8/14/2014,13,10,3,0,4.462,669.34
8/13/2014,13,10,3,0,4.462,669.34
8/12/2014,13,10,3,0,4.462,669.34
8/11/2014,13,10,3,0,4.462,669.34
8/10/2014,13,10,3,0,4.462,669.34
8/9/2014,13,10,3,0,4.462,669.34
8/8/2014,13,10,3,0,4.462,669.34
8/7/2014,13,10,3,0,4.462,669.34
8/6/2014,13,10,3,0,4.462,669.34
8/5/2014,13,10,3,0,4.462,669.34
8/4/2014,13,10,3,0,4.462,669.34
8/3/2014,13,10,3,0,4.462,669.34
8/2/2014,13,10,3,0,4.462,669.34
8/1/2014,13,10,3,0,4.462,669.34
7/31/2014,13,10,3,0,4.462,669.34
7/30/2014,13,10,3,0,4.462,669.34
7/29/2014,13,10,3,0,4.462,669.34
7/28/2014,13,10,3,0,4.462,669.34
7/27/2014,13,10,3,0,4.462,669.34
7/26/2014,13,10,3,0,4.462,669.34
7/25/2014,13,10,3,0,4.462,669.34
7/24/2014,13,10,3,0,4.462,669.34
7/23/2014,13,10,3,0,4.462,669.34
7/22/2014,13,10,3,0,4.462,669.34
7/21/2014,13,10,3,0,4.462,669.34
7/20/2014,13,10,3,0,4.462,669.34
7/19/2014,13,10,3,0,4.462,669.34
7/18/2014,13,10,3,0,4.462,669.34
7/17/2014,13,10,3,0,4.462,666.97
7/16/2014,13,10,3,0,4.462,661.88
7/15/2014,13,10,3,0,4.462,661.88
7/14/2014,13,10,3,0,4.462,661.88
7/13/2014,13,10,3,0,4.462,661.88
7/12/2014,13,10,3,0,4.462,661.88
7/11/2014,13,10,3,0,4.462,661.88
7/10/2014,13,10,3,0,4.462,661.88
7/9/2014,13,10,3,0,4.462,661.88
7/8/2014,12,10,2,0,4.583,662.88
7/7/2014,12,10,2,0,4.583,662.88
7/6/2014,12,10,2,0,4.583,662.88
7/5/2014,12,10,2,0,4.583,662.88
7/4/2014,12,10,2,0,4.583,662.88
7/3/2014,12,10,2,0,4.583,662.88
7/2/2014,12,10,2,0,4.583,662.88
7/1/2014,13,11,2,0,4.615,661.09
6/30/2014,13,11,2,0,4.615,661.09
6/29/2014,13,11,2,0,4.615,661.09
6/28/2014,13,11,2,0,4.615,661.09
6/27/2014,13,11,2,0,4.615,661.09
6/26/2014,13,11,2,0,4.615,661.09
6/25/2014,12,10,2,0,4.667,657.89
6/24/2014,12,10,2,0,4.667,657.89
6/23/2014,12,10,2,0,4.667,657.89
6/22/2014,12,10,2,0,4.667,657.89
6/21/2014,12,10,2,0,4.667,657.89
6/20/2014,12,10,2,0,4.667,657.89
6/19/2014,12,10,2,0,4.667,657.89
6/18/2014,12,10,2,0,4.667,657.89
6/17/2014,12,10,2,0,4.667,657.89
6/16/2014,12,10,2,0,4.667,657.89
6/15/2014,12,10,2,0,4.667,657.89
6/14/2014,12,10,2,0,4.667,657.89
6/13/2014,12,10,2,0,4.667,657.89
6/12/2014,11,9,2,0,4.636,653.43
6/11/2014,11,9,2,0,4.636,653.43
6/10/2014,11,9,2,0,4.636,653.43
6/9/2014,11,9,2,0,4.636,653.43
6/8/2014,11,9,2,0,4.636,653.43
6/7/2014,11,9,2,0,4.636,653.43
6/6/2014,11,9,2,0,4.636,653.43
6/5/2014,11,9,2,0,4.636,653.43
6/4/2014,11,9,2,0,4.636,653.43
6/3/2014,11,9,2,0,4.636,653.43
6/2/2014,11,9,2,0,4.636,653.43
6/1/2014,11,9,2,0,4.636,653.43
5/31/2014,11,9,2,0,4.636,653.43
5/30/2014,11,9,2,0,4.636,653.43
5/29/2014,11,9,2,0,4.636,653.43
5/28/2014,11,9,2,0,4.636,653.43
5/27/2014,10,9,1,0,4.8,664.05
5/26/2014,10,9,1,0,4.8,664.05
5/25/2014,10,9,1,0,4.8,664.05
5/24/2014,10,9,1,0,4.8,664.05
5/23/2014,10,9,1,0,4.8,664.05
5/22/2014,10,9,1,0,4.8,664.05
5/21/2014,10,9,1,0,4.8,664.05
5/20/2014,10,9,1,0,4.8,664.05
5/19/2014,10,9,1,0,4.8,664.05
5/18/2014,10,9,1,0,4.8,664.05
5/17/2014,10,9,1,0,4.8,664.05
5/16/2014,10,9,1,0,4.8,664.05
5/15/2014,10,9,1,0,4.8,664.05
5/14/2014,10,9,1,0,4.8,664.05
5/13/2014,10,9,1,0,4.8,667.17
5/12/2014,10,9,1,0,4.8,667.17
5/11/2014,10,9,1,0,4.8,667.17
5/10/2014,10,9,1,0,4.8,667.17
5/9/2014,10,9,1,0,4.8,667.17
5/8/2014,10,9,1,0,4.8,667.17
5/7/2014,10,9,1,0,4.8,667.17
5/6/2014,10,9,1,0,4.8,667.17
5/5/2014,10,9,1,0,4.8,667.17
5/4/2014,10,9,1,0,4.8,667.17
5/3/2014,10,9,1,0,4.8,667.17
5/2/2014,10,9,1,0,4.8,667.17
5/1/2014,10,9,1,0,4.8,667.17
4/30/2014,10,9,1,0,4.8,667.17
4/29/2014,10,9,1,0,4.8,667.17
4/28/2014,10,9,1,0,4.8,667.17
4/27/2014,10,9,1,0,4.8,667.17
4/26/2014,10,9,1,0,4.8,667.17
4/25/2014,10,9,1,0,4.8,667.17
4/24/2014,10,9,1,0,4.8,667.17
4/23/2014,10,9,1,0,4.8,667.17
4/22/2014,10,9,1,0,4.8,667.17
4/21/2014,10,9,1,0,4.8,667.17
4/20/2014,10,9,1,0,4.8,667.17
4/19/2014,10,9,1,0,4.8,667.17
4/18/2014,10,9,1,0,4.8,667.17
4/17/2014,10,9,1,0,4.8,667.17
4/16/2014,4,4,0,0,5,686.45
4/15/2014,3,3,0,0,5,698.08
4/14/2014,2,2,0,0,5,698.08
4/13/2014,2,2,0,0,5,698.08
4/12/2014,2,2,0,0,5,698.08
4/11/2014,2,2,0,0,5,698.08
4/10/2014,2,2,0,0,5,698.08
4/9/2014,2,2,0,0,5,698.08
4/8/2014,2,2,0,0,5,698.08
4/7/2014,2,2,0,0,5,698.08
4/6/2014,2,2,0,0,5,698.08
4/5/2014,2,2,0,0,5,698.08
4/4/2014,2,2,0,0,5,698.08
4/3/2014,2,2,0,0,5,698.08
4/2/2014,1,1,0,0,5,
4/1/2014,1,1,0,0,5,
3/31/2014,1,1,0,0,5,
3/30/2014,1,1,0,0,5,
3/29/2014,1,1,0,0,5,
3/28/2014,1,1,0,0,5,
,,,,,,
